dataset,method,seed,fit,cv,n_feats,test_acc,test_prec,test_rec,test_f1
colon,GA+SI,0,0.04718499999999994,0.9527777777777778,87,0.8421052631578947,0.9,0.7857142857142857,0.8080808080808081
colon,HO+SI,0,0.09143000000000012,0.9083333333333332,136,0.8947368421052632,0.9285714285714286,0.8571428571428572,0.8782051282051282
colon,RL-DOHO [Q-learning],0,0.094285,0.9055555555555556,157,0.8421052631578947,0.9,0.7857142857142857,0.8080808080808081
colon,RL-DOHO [κ=1],0,0.04421500000000006,0.9555555555555555,43,0.7894736842105263,0.7738095238095238,0.7738095238095238,0.7738095238095238
colon,RL-DOHO [κ=3],0,0.11891000000000002,0.8805555555555555,132,0.8421052631578947,0.9,0.7857142857142857,0.8080808080808081
colon,RL-DOHO [κ=4],0,0.09473,0.9055555555555556,246,0.9473684210526315,0.9615384615384616,0.9285714285714286,0.9415384615384615
colon,GA+SI,1,0.02240499999999992,0.9777777777777779,81,0.6842105263157895,0.6607142857142857,0.6607142857142857,0.6607142857142857
colon,HO+SI,1,0.04415000000000006,0.9555555555555555,30,0.7368421052631579,0.7215909090909092,0.7321428571428572,0.7246376811594203
colon,RL-DOHO [Q-learning],1,0.09132500000000013,0.9083333333333332,115,0.5263157894736842,0.5333333333333333,0.5357142857142857,0.5210084033613445
colon,RL-DOHO [κ=1],1,0.08831000000000003,0.9111111111111111,62,0.5263157894736842,0.5333333333333333,0.5357142857142857,0.5210084033613445
colon,RL-DOHO [κ=3],1,0.09124000000000013,0.9083333333333332,98,0.5263157894736842,0.5333333333333333,0.5357142857142857,0.5210084033613445
colon,RL-DOHO [κ=4],1,0.09115500000000012,0.9083333333333332,81,0.5263157894736842,0.5056818181818181,0.5059523809523809,0.5043478260869565
colon,GA+SI,2,0.04419000000000006,0.9555555555555555,38,0.631578947368421,0.5961538461538461,0.5892857142857143,0.5907692307692307
colon,HO+SI,2,0.06921999999999998,0.9305555555555556,94,0.7368421052631579,0.7215909090909092,0.7321428571428572,0.7246376811594203
colon,RL-DOHO [Q-learning],2,0.09379,0.9055555555555556,58,0.8947368421052632,0.8869047619047619,0.8869047619047619,0.8869047619047619
colon,RL-DOHO [κ=1],2,0.06899499999999997,0.9305555555555556,49,0.8421052631578947,0.8397435897435898,0.8154761904761905,0.8246153846153846
colon,RL-DOHO [κ=3],2,0.09098000000000012,0.9083333333333332,46,0.7894736842105263,0.7928571428571429,0.7440476190476191,0.7564102564102564
colon,RL-DOHO [κ=4],2,0.093795,0.9055555555555556,59,0.8947368421052632,0.8869047619047619,0.8869047619047619,0.8869047619047619
colon,GA+SI,3,0.07182999999999996,0.9277777777777778,66,0.7368421052631579,0.7215909090909092,0.7321428571428572,0.7246376811594203
colon,HO+SI,3,0.07172999999999996,0.9277777777777778,46,0.7368421052631579,0.717948717948718,0.7023809523809523,0.7076923076923077
colon,RL-DOHO [Q-learning],3,0.04693999999999995,0.9527777777777778,38,0.7894736842105263,0.7738095238095238,0.7738095238095238,0.7738095238095238
colon,RL-DOHO [κ=1],3,0.093915,0.9055555555555556,83,0.8421052631578947,0.8397435897435898,0.8154761904761905,0.8246153846153846
colon,RL-DOHO [κ=3],3,0.07162499999999997,0.9277777777777778,25,0.5789473684210527,0.5722222222222222,0.5773809523809523,0.5681818181818181
colon,RL-DOHO [κ=4],3,0.11594500000000015,0.8833333333333332,89,0.7894736842105263,0.7738095238095238,0.7738095238095238,0.7738095238095238
colon,GA+SI,4,0.09119500000000012,0.9083333333333332,89,0.8421052631578947,0.85,0.875,0.8403361344537814
colon,HO+SI,4,0.11301500000000005,0.8861111111111111,53,0.7368421052631579,0.717948717948718,0.7023809523809523,0.7076923076923077
colon,RL-DOHO [Q-learning],4,0.13499999999999995,0.8638888888888889,50,0.7894736842105263,0.7833333333333333,0.8035714285714286,0.7840909090909092
colon,RL-DOHO [κ=1],4,0.093655,0.9055555555555556,31,0.8421052631578947,0.8397435897435898,0.8154761904761905,0.8246153846153846
colon,RL-DOHO [κ=3],4,0.13512499999999994,0.8638888888888889,75,0.7368421052631579,0.717948717948718,0.7023809523809523,0.7076923076923077
colon,RL-DOHO [κ=4],4,0.11306500000000004,0.8861111111111111,63,0.6842105263157895,0.6607142857142857,0.6607142857142857,0.6607142857142857
colon,GA+SI,5,0.04715499999999995,0.9527777777777778,81,0.7368421052631579,0.717948717948718,0.7023809523809523,0.7076923076923077
colon,HO+SI,5,0.022194999999999923,0.9777777777777779,39,0.631578947368421,0.6136363636363636,0.6190476190476191,0.6144927536231883
colon,RL-DOHO [Q-learning],5,0.022299999999999924,0.9777777777777779,60,0.5789473684210527,0.5722222222222222,0.5773809523809523,0.5681818181818181
colon,RL-DOHO [κ=1],5,0.06903999999999998,0.9305555555555556,58,0.5789473684210527,0.5722222222222222,0.5773809523809523,0.5681818181818181
colon,RL-DOHO [κ=3],5,0.0662900000000001,0.9333333333333332,58,0.631578947368421,0.6388888888888888,0.6488095238095238,0.6274509803921569
colon,RL-DOHO [κ=4],5,0.11571500000000015,0.8833333333333332,43,0.7894736842105263,0.7928571428571429,0.7440476190476191,0.7564102564102564
colon,GA+SI,6,0.04711999999999995,0.9527777777777778,74,0.7368421052631579,0.7416666666666667,0.6726190476190476,0.6801346801346801
colon,HO+SI,6,0.06898999999999998,0.9305555555555556,48,0.7368421052631579,0.8529411764705883,0.6428571428571428,0.6360153256704981
colon,RL-DOHO [Q-learning],6,0.04705999999999994,0.9527777777777778,62,0.6842105263157895,0.6607142857142857,0.6607142857142857,0.6607142857142857
colon,RL-DOHO [κ=1],6,0.06915999999999997,0.9305555555555556,82,0.7368421052631579,0.7416666666666667,0.6726190476190476,0.6801346801346801
colon,RL-DOHO [κ=3],6,0.06907999999999997,0.9305555555555556,66,0.7368421052631579,0.7416666666666667,0.6726190476190476,0.6801346801346801
colon,RL-DOHO [κ=4],6,0.06906999999999998,0.9305555555555556,64,0.5789473684210527,0.5476190476190476,0.5476190476190476,0.5476190476190476
colon,GA+SI,7,0.07161999999999996,0.9277777777777778,24,0.8947368421052632,0.8869047619047619,0.8869047619047619,0.8869047619047619
colon,HO+SI,7,0.09362,0.9055555555555556,24,0.7894736842105263,0.7928571428571429,0.7440476190476191,0.7564102564102564
colon,RL-DOHO [Q-learning],7,0.14036000000000015,0.8583333333333332,22,0.7368421052631579,0.8529411764705883,0.6428571428571428,0.6360153256704981
colon,RL-DOHO [κ=1],7,0.06887999999999998,0.9305555555555556,26,0.8421052631578947,0.8397435897435898,0.8154761904761905,0.8246153846153846
colon,RL-DOHO [κ=3],7,0.11288000000000005,0.8861111111111111,26,0.6842105263157895,0.8333333333333333,0.5714285714285714,0.525
colon,RL-DOHO [κ=4],7,0.07163499999999996,0.9277777777777778,27,0.7368421052631579,0.7416666666666667,0.6726190476190476,0.6801346801346801
colon,GA+SI,8,0.046929999999999944,0.9527777777777778,36,0.8947368421052632,0.9285714285714286,0.8571428571428572,0.8782051282051282
colon,HO+SI,8,0.09077000000000013,0.9083333333333332,4,0.7894736842105263,0.875,0.7142857142857143,0.7285714285714285
colon,RL-DOHO [Q-learning],8,0.0661500000000001,0.9333333333333332,30,0.8421052631578947,0.9,0.7857142857142857,0.8080808080808081
colon,RL-DOHO [κ=1],8,0.11833500000000002,0.8805555555555555,17,0.8421052631578947,0.9,0.7857142857142857,0.8080808080808081
colon,RL-DOHO [κ=3],8,0.11830500000000002,0.8805555555555555,11,0.7894736842105263,0.875,0.7142857142857143,0.7285714285714285
colon,RL-DOHO [κ=4],8,0.09631999999999988,0.9027777777777779,14,0.7368421052631579,0.8529411764705883,0.6428571428571428,0.6360153256704981
colon,GA+SI,9,0.11306000000000005,0.8861111111111111,62,0.631578947368421,0.6136363636363636,0.6190476190476191,0.6144927536231883
colon,HO+SI,9,0.09154000000000012,0.9083333333333332,158,0.5263157894736842,0.47435897435897434,0.47619047619047616,0.47384615384615386
colon,RL-DOHO [Q-learning],9,0.06906999999999998,0.9305555555555556,64,0.6842105263157895,0.6607142857142857,0.6607142857142857,0.6607142857142857
colon,RL-DOHO [κ=1],9,0.04455500000000006,0.9555555555555555,111,0.631578947368421,0.6136363636363636,0.6190476190476191,0.6144927536231883
colon,RL-DOHO [κ=3],9,0.14515000000000014,0.8583333333333332,980,0.5789473684210527,0.5476190476190476,0.5476190476190476,0.5476190476190476
colon,RL-DOHO [κ=4],9,0.11302500000000004,0.8861111111111111,55,0.631578947368421,0.6136363636363636,0.6190476190476191,0.6144927536231883
ALLAML,GA+SI,0,0.07935991022583798,0.9200000000000002,114,0.8181818181818182,0.8229166666666667,0.7767857142857143,0.7904761904761906
ALLAML,HO+SI,0,0.07927855239163964,0.9200000000000002,56,0.8636363636363636,0.861904761904762,0.8392857142857143,0.8482758620689655
ALLAML,RL-DOHO [Q-learning],0,0.11898796465142364,0.8800000000000001,134,0.7727272727272727,0.7571428571428571,0.7410714285714286,0.7471264367816092
ALLAML,RL-DOHO [κ=1],0,0.09908416327675688,0.9,60,0.8636363636363636,0.8504273504273505,0.8660714285714286,0.8562091503267973
ALLAML,RL-DOHO [κ=3],0,0.1193147987094963,0.8800000000000001,367,0.9090909090909091,0.9017857142857143,0.9017857142857143,0.9017857142857143
ALLAML,RL-DOHO [κ=4],0,0.11912543133679326,0.8800000000000001,232,0.8636363636363636,0.861904761904762,0.8392857142857143,0.8482758620689655
ALLAML,GA+SI,1,0.03968696871931551,0.96,62,0.8636363636363636,0.9117647058823529,0.8125,0.8362282878411911
ALLAML,HO+SI,1,0.03964208163837849,0.96,30,0.7272727272727273,0.7083333333333333,0.6785714285714286,0.6857142857142857
ALLAML,RL-DOHO [Q-learning],1,0.019830859868144108,0.9800000000000001,22,0.6818181818181818,0.6623931623931625,0.6696428571428572,0.6644880174291938
ALLAML,RL-DOHO [κ=1],1,0.03966873334268484,0.96,49,0.8181818181818182,0.8035714285714286,0.8035714285714286,0.8035714285714286
ALLAML,RL-DOHO [κ=3],1,0.039664525178847,0.96,46,0.7272727272727273,0.7053571428571428,0.7053571428571428,0.7053571428571428
ALLAML,RL-DOHO [κ=4],1,0.019874344227801842,0.9800000000000001,53,0.5909090909090909,0.5683760683760684,0.5714285714285714,0.5686274509803921
ALLAML,GA+SI,2,0.0797063823818208,0.9199999999999999,361,0.7727272727272727,0.868421052631579,0.6875,0.696969696969697
ALLAML,HO+SI,2,0.09934086127086546,0.9,243,0.7272727272727273,0.7361111111111112,0.6517857142857143,0.65625
ALLAML,RL-DOHO [Q-learning],2,0.09907995511291905,0.9,57,0.6818181818181818,0.6754385964912281,0.5892857142857143,0.5757575757575757
ALLAML,RL-DOHO [κ=1],2,0.07924769252349566,0.9199999999999999,34,0.8181818181818182,0.8888888888888888,0.75,0.7708333333333333
ALLAML,RL-DOHO [κ=3],2,0.09916552111095522,0.9,118,0.8181818181818182,0.8888888888888888,0.75,0.7708333333333333
ALLAML,RL-DOHO [κ=4],2,0.07943705989619848,0.9200000000000002,169,0.7272727272727273,0.7361111111111112,0.6517857142857143,0.65625
ALLAML,GA+SI,3,0.01995710478327947,0.9800000000000001,112,0.9545454545454546,0.9666666666666667,0.9375,0.9494252873563218
ALLAML,HO+SI,3,0.05947013606396403,0.9400000000000001,50,0.9090909090909091,0.9375,0.875,0.8952380952380952
ALLAML,RL-DOHO [Q-learning],3,0.059422443540468446,0.9400000000000001,16,0.7727272727272727,0.7823529411764706,0.7142857142857143,0.7270471464019852
ALLAML,RL-DOHO [κ=1],3,0.039628054425585674,0.96,20,0.8181818181818182,0.8229166666666667,0.7767857142857143,0.7904761904761906
ALLAML,RL-DOHO [κ=3],3,0.039619638097909984,0.96,14,0.9545454545454546,0.9666666666666667,0.9375,0.9494252873563218
ALLAML,RL-DOHO [κ=4],3,0.039619638097909984,0.96,14,0.9545454545454546,0.9666666666666667,0.9375,0.9494252873563218
ALLAML,GA+SI,4,0.05962443540468525,0.9399999999999998,160,0.7727272727272727,0.868421052631579,0.6875,0.696969696969697
ALLAML,HO+SI,4,0.05945049796605408,0.9400000000000001,36,0.7272727272727273,0.7083333333333333,0.6785714285714286,0.6857142857142857
ALLAML,RL-DOHO [Q-learning],4,0.07927995511291892,0.9200000000000002,57,0.7727272727272727,0.868421052631579,0.6875,0.696969696969697
ALLAML,RL-DOHO [κ=1],4,0.05957113199607232,0.9400000000000001,122,0.7727272727272727,0.868421052631579,0.6875,0.696969696969697
ALLAML,RL-DOHO [κ=3],4,0.09947131434983866,0.9,336,0.7727272727272727,0.868421052631579,0.6875,0.696969696969697
ALLAML,RL-DOHO [κ=4],4,0.05980819189227094,0.9400000000000001,291,0.7727272727272727,0.868421052631579,0.6875,0.696969696969697
ALLAML,GA+SI,5,0.039775340159910265,0.96,125,0.8181818181818182,0.8229166666666667,0.7767857142857143,0.7904761904761906
ALLAML,HO+SI,5,0.07934588301304539,0.9199999999999999,104,0.8181818181818182,0.8229166666666667,0.7767857142857143,0.7904761904761906
ALLAML,RL-DOHO [Q-learning],5,0.09914448029176601,0.9,103,0.7727272727272727,0.868421052631579,0.6875,0.696969696969697
ALLAML,RL-DOHO [κ=1],5,0.05950099593210823,0.9400000000000001,72,0.7727272727272727,0.868421052631579,0.6875,0.696969696969697
ALLAML,RL-DOHO [κ=3],5,0.10028910085565995,0.9,919,0.8181818181818182,0.8888888888888888,0.75,0.7708333333333333
ALLAML,RL-DOHO [κ=4],5,0.07934167484920754,0.9199999999999999,101,0.8636363636363636,0.9117647058823529,0.8125,0.8362282878411911
ALLAML,GA+SI,6,0.03964208163837849,0.96,30,0.6818181818181818,0.6754385964912281,0.5892857142857143,0.5757575757575757
ALLAML,HO+SI,6,0.05951502314490105,0.9400000000000001,82,0.7272727272727273,0.7361111111111112,0.6517857142857143,0.65625
ALLAML,RL-DOHO [Q-learning],6,0.059492579604432536,0.9400000000000001,66,0.7272727272727273,0.7361111111111112,0.6517857142857143,0.65625
ALLAML,RL-DOHO [κ=1],6,0.059492579604432536,0.9400000000000001,66,0.7272727272727273,0.7361111111111112,0.6517857142857143,0.65625
ALLAML,RL-DOHO [κ=3],6,0.05949398232571182,0.9400000000000001,67,0.7272727272727273,0.7361111111111112,0.6517857142857143,0.65625
ALLAML,RL-DOHO [κ=4],6,0.0397571047832796,0.96,112,0.7727272727272727,0.868421052631579,0.6875,0.696969696969697
ALLAML,GA+SI,7,5.8914293729835876e-05,1.0,42,0.9545454545454546,0.9444444444444444,0.9642857142857143,0.9520697167755992
ALLAML,HO+SI,7,0.05950660681722535,0.9400000000000001,76,0.9090909090909091,0.9017857142857143,0.9017857142857143,0.9017857142857143
ALLAML,RL-DOHO [Q-learning],7,0.0990757469490812,0.9,54,0.8636363636363636,0.861904761904762,0.8392857142857143,0.8482758620689655
ALLAML,RL-DOHO [κ=1],7,0.07927013606396395,0.9200000000000002,50,0.8636363636363636,0.861904761904762,0.8392857142857143,0.8482758620689655
ALLAML,RL-DOHO [κ=3],7,0.0990757469490812,0.9,54,0.8636363636363636,0.861904761904762,0.8392857142857143,0.8482758620689655
ALLAML,RL-DOHO [κ=4],7,0.09907434422780191,0.9,53,0.8181818181818182,0.8229166666666667,0.7767857142857143,0.7904761904761906
ALLAML,GA+SI,8,0.019951493898162344,0.9800000000000001,108,0.9545454545454546,0.9666666666666667,0.9375,0.9494252873563218
ALLAML,HO+SI,8,0.05941542993407204,0.9400000000000001,11,0.7727272727272727,0.7571428571428571,0.7410714285714286,0.7471264367816092
ALLAML,RL-DOHO [Q-learning],8,0.03964208163837849,0.96,30,0.8636363636363636,0.9117647058823529,0.8125,0.8362282878411911
ALLAML,RL-DOHO [κ=1],8,0.05947714967036044,0.9400000000000001,55,0.8181818181818182,0.8888888888888888,0.75,0.7708333333333333
ALLAML,RL-DOHO [κ=3],8,0.07923647075326118,0.9200000000000002,26,0.8636363636363636,0.9117647058823529,0.8125,0.8362282878411911
ALLAML,RL-DOHO [κ=4],8,0.039743077570486784,0.96,102,0.9545454545454546,0.9666666666666667,0.9375,0.9494252873563218
ALLAML,GA+SI,9,0.07932624491513522,0.9200000000000002,90,0.6818181818181818,0.8333333333333333,0.5625,0.5111111111111111
ALLAML,HO+SI,9,2.9457146864917938e-05,1.0,21,0.8181818181818182,0.8229166666666667,0.7767857142857143,0.7904761904761906
ALLAML,RL-DOHO [Q-learning],9,0.05947714967036044,0.9400000000000001,55,0.7272727272727273,0.7361111111111112,0.6517857142857143,0.65625
ALLAML,RL-DOHO [κ=1],9,0.07931782858745953,0.9200000000000002,84,0.7727272727272727,0.868421052631579,0.6875,0.696969696969697
ALLAML,RL-DOHO [κ=3],9,0.09905470612989196,0.9,39,0.7272727272727273,0.85,0.625,0.611764705882353
ALLAML,RL-DOHO [κ=4],9,0.07926312245756775,0.9199999999999999,45,0.6363636363636364,0.5833333333333333,0.5535714285714286,0.5416666666666666
lung,GA+SI,0,0.021362955427048344,0.9788177339901478,130,0.8852459016393442,0.8613953488372094,0.8457142857142858,0.8526203208556151
lung,HO+SI,0,0.03577525522952815,0.9647783251231526,300,0.9344262295081968,0.9463636363636365,0.8219047619047618,0.8658491895701198
lung,RL-DOHO [Q-learning],0,0.03564772078246582,0.9645320197044336,177,0.9344262295081968,0.9463636363636365,0.8219047619047618,0.8658491895701198
lung,RL-DOHO [κ=1],0,0.03606740677280399,0.9645320197044336,316,0.9508196721311475,0.8885714285714286,0.9219047619047618,0.897056277056277
lung,RL-DOHO [κ=3],0,0.028386074819732928,0.9716748768472907,114,0.9016393442622951,0.9151515151515153,0.7838095238095237,0.8248343904157858
lung,RL-DOHO [κ=4],0,0.03540919421241751,0.9645320197044336,98,0.9016393442622951,0.8984848484848484,0.7771428571428571,0.8193798449612404
lung,GA+SI,1,0.03556692189619482,0.9647783251231526,231,0.9672131147540983,0.990909090909091,0.8666666666666668,0.9105003523608175
lung,HO+SI,1,0.04280139394588424,0.9576354679802955,285,0.9672131147540983,0.990909090909091,0.8666666666666668,0.9105003523608175
lung,RL-DOHO [Q-learning],1,0.04278327800385526,0.9576354679802955,279,0.9672131147540983,0.990909090909091,0.8666666666666668,0.9105003523608175
lung,RL-DOHO [κ=1],1,0.04280139394588424,0.9576354679802955,285,0.9672131147540983,0.990909090909091,0.8666666666666668,0.9105003523608175
lung,RL-DOHO [κ=3],1,0.03530726006044603,0.9647783251231526,145,0.9344262295081968,0.782608695652174,0.7333333333333333,0.750909090909091
lung,RL-DOHO [κ=4],1,0.04278931665119825,0.9576354679802955,281,0.9672131147540983,0.990909090909091,0.8666666666666668,0.9105003523608175
lung,GA+SI,2,0.028277379167559014,0.9716748768472907,78,0.8852459016393442,0.8956810631229235,0.779047619047619,0.8101960784313725
lung,HO+SI,2,0.014511937483639123,0.9859605911330049,203,0.9344262295081968,0.9463636363636365,0.8885714285714286,0.9106976744186047
lung,RL-DOHO [Q-learning],2,0.028277379167559014,0.9716748768472907,78,0.9180327868852459,0.9060465116279071,0.8838095238095238,0.8936898395721926
lung,RL-DOHO [κ=1],2,0.03545448406748998,0.9645320197044336,113,0.9016393442622951,0.9018181818181817,0.7838095238095237,0.8248343904157858
lung,RL-DOHO [κ=3],2,0.028437403322148388,0.9716748768472907,131,0.9016393442622951,0.9018181818181817,0.7838095238095237,0.8248343904157858
lung,RL-DOHO [κ=4],2,0.03608552271483297,0.9645320197044336,322,0.9180327868852459,0.9422222222222223,0.7885714285714285,0.8418390804597701
lung,GA+SI,3,0.02142938054782129,0.9788177339901478,152,0.8524590163934426,0.6368794326241135,0.6238095238095238,0.6115934627170583
lung,HO+SI,3,0.028383778348920863,0.9719211822660098,194,0.9344262295081968,0.9530303030303031,0.8285714285714285,0.8658491895701198
lung,RL-DOHO [Q-learning],3,0.042343179600675816,0.9578817733990148,214,0.9016393442622951,0.7488888888888889,0.6952380952380952,0.7036572622779519
lung,RL-DOHO [κ=1],3,0.028444164822350595,0.97192118226601,214,0.9180327868852459,0.782608695652174,0.7,0.7242424242424242
lung,RL-DOHO [κ=3],3,0.04283460650627071,0.9576354679802955,296,0.9344262295081968,0.9530303030303031,0.8285714285714285,0.8658491895701198
lung,RL-DOHO [κ=4],3,0.02837097820137544,0.9716748768472907,109,0.8852459016393442,0.7449275362318841,0.661904761904762,0.6833333333333333
lung,GA+SI,4,0.028934868875086166,0.9714285714285715,215,0.9672131147540983,0.9667774086378739,0.86,0.8933735545500252
lung,HO+SI,4,0.0362931331953072,0.9642857142857142,310,0.9672131147540983,0.9667774086378739,0.86,0.8933735545500252
lung,RL-DOHO [Q-learning],4,0.03591571773637,0.9642857142857142,185,0.9672131147540983,0.9667774086378739,0.8666666666666668,0.8974139585904293
lung,RL-DOHO [κ=1],4,0.03588020870517114,0.9645320197044336,254,0.9836065573770492,0.9953488372093023,0.96,0.9754248366013073
lung,RL-DOHO [κ=3],4,0.03606668391994488,0.9642857142857142,235,0.9508196721311475,0.9623376623376624,0.8266666666666665,0.8728935147539799
lung,RL-DOHO [κ=4],4,0.0357956676423692,0.9645320197044336,226,0.9508196721311475,0.9623376623376624,0.8266666666666665,0.8728935147539799
lung,GA+SI,5,0.02177587991718419,0.9785714285714286,186,0.9508196721311475,0.9866666666666667,0.8333333333333334,0.8900731452455591
lung,HO+SI,5,0.03537296232835954,0.9645320197044336,86,0.9508196721311475,0.9573643410852715,0.9285714285714286,0.9383957219251335
lung,RL-DOHO [Q-learning],5,0.02841022940910491,0.9716748768472907,122,0.9180327868852459,0.7488888888888889,0.7285714285714286,0.7339602925809823
lung,RL-DOHO [κ=1],5,0.03559035363270737,0.9645320197044336,158,0.9344262295081968,0.9530303030303031,0.8285714285714286,0.8694855532064836
lung,RL-DOHO [κ=3],5,0.04304523631041611,0.9573891625615765,285,0.9672131147540983,0.9619047619047618,0.961904761904762,0.9588744588744589
lung,RL-DOHO [κ=4],5,0.03611571595154795,0.9645320197044336,332,0.9508196721311475,0.9573643410852715,0.8619047619047621,0.8899108734402852
lung,GA+SI,6,0.03531631803146052,0.9647783251231526,148,0.9180327868852459,0.9787234042553191,0.76,0.8332084893882646
lung,HO+SI,6,0.03538576247590497,0.9647783251231526,171,0.9180327868852459,0.778723404255319,0.6933333333333334,0.726541822721598
lung,RL-DOHO [Q-learning],6,0.05041383177458886,0.9578817733990148,2887,0.9672131147540983,0.990909090909091,0.9266666666666665,0.9549447968052618
lung,RL-DOHO [κ=1],6,0.03658817615002022,0.9650246305418719,650,0.9180327868852459,0.778723404255319,0.6933333333333334,0.726541822721598
lung,RL-DOHO [κ=3],6,0.03545218759667791,0.9647783251231526,193,0.9508196721311475,0.9866666666666667,0.8266666666666665,0.886032741205155
lung,RL-DOHO [κ=4],6,0.0354703035387069,0.9647783251231526,199,0.9344262295081968,0.9826086956521738,0.7933333333333333,0.862020202020202
lung,GA+SI,7,0.03540689774160545,0.9647783251231526,178,0.9836065573770492,0.9953488372093023,0.9666666666666668,0.9794652406417113
lung,HO+SI,7,0.04242095916327555,0.9576354679802955,159,0.9672131147540983,0.990909090909091,0.9333333333333332,0.9553488372093023
lung,RL-DOHO [Q-learning],7,0.04225187703767168,0.9576354679802955,103,0.9508196721311475,0.9866666666666667,0.8266666666666665,0.886032741205155
lung,RL-DOHO [κ=1],7,0.03589904750005955,0.9647783251231526,341,0.9508196721311475,0.9866666666666667,0.9,0.9264367816091955
lung,RL-DOHO [κ=3],7,0.028847308488612736,0.9714285714285715,186,0.9508196721311475,0.9866666666666667,0.9,0.9264367816091955
lung,RL-DOHO [κ=4],7,0.02877786404416829,0.9714285714285715,163,0.9508196721311475,0.9866666666666667,0.9,0.9264367816091955
lung,GA+SI,8,0.034870903833797415,0.9652709359605911,162,0.9016393442622951,0.775,0.6599999999999999,0.6977777777777778
lung,HO+SI,8,0.02807954951095871,0.9721674876847292,174,0.9344262295081968,0.9463636363636365,0.8219047619047618,0.8658491895701198
lung,RL-DOHO [Q-learning],8,0.034695783060850555,0.9652709359605911,104,0.8524590163934426,0.9006802721088436,0.641904761904762,0.7287046287046286
lung,RL-DOHO [κ=1],8,0.02807954951095871,0.9721674876847292,174,0.9344262295081968,0.9463636363636365,0.8219047619047618,0.8658491895701198
lung,RL-DOHO [κ=3],8,0.028064452892601222,0.9721674876847292,169,0.9344262295081968,0.9363636363636363,0.8152380952380952,0.8573643410852714
lung,RL-DOHO [κ=4],8,0.028133897337045667,0.9721674876847292,192,0.9016393442622951,0.9115942028985508,0.741904761904762,0.8015151515151515
lung,GA+SI,9,0.041950667523381134,0.9578817733990148,84,0.9180327868852459,0.9422222222222223,0.7885714285714285,0.8418390804597701
lung,HO+SI,9,0.042605860760096106,0.9578817733990148,301,0.9672131147540983,0.990909090909091,0.8666666666666668,0.9105003523608175
lung,RL-DOHO [Q-learning],9,0.042201271388115434,0.9578817733990148,167,0.9344262295081968,0.9826086956521738,0.8,0.8575757575757577
lung,RL-DOHO [κ=1],9,0.049212313486114025,0.9507389162561577,147,0.9508196721311475,0.9866666666666667,0.8333333333333333,0.8864367816091955
lung,RL-DOHO [κ=3],9,0.035117765522000896,0.9650246305418719,163,0.9672131147540983,0.990909090909091,0.8666666666666668,0.9105003523608175
lung,RL-DOHO [κ=4],9,0.042183155446086446,0.9578817733990148,161,0.9672131147540983,0.990909090909091,0.8666666666666668,0.9105003523608175
GLIOMA,GA+SI,0,0.16979547651266194,0.8285714285714285,36,0.8,0.7708333333333333,0.8125,0.7803571428571429
GLIOMA,HO+SI,0,0.14149623042721832,0.8571428571428571,30,0.7333333333333333,0.8035714285714286,0.75,0.6892857142857143
GLIOMA,RL-DOHO [Q-learning],0,0.16979547651266194,0.8285714285714285,36,0.8,0.7708333333333333,0.8125,0.7803571428571429
GLIOMA,RL-DOHO [κ=1],0,0.16979322121270704,0.8285714285714285,35,0.8,0.7708333333333333,0.8125,0.7803571428571429
GLIOMA,RL-DOHO [κ=3],0,0.16979547651266194,0.8285714285714285,36,0.8,0.7708333333333333,0.8125,0.7803571428571429
GLIOMA,RL-DOHO [κ=4],0,0.16979547651266194,0.8285714285714285,36,0.8,0.7708333333333333,0.8125,0.7803571428571429
GLIOMA,GA+SI,1,0.0850713963528578,0.9142857142857143,95,0.8,0.8041666666666667,0.825,0.8017857142857143
GLIOMA,HO+SI,1,0.11341349313744435,0.8857142857142858,120,0.9333333333333333,0.95,0.95,0.9444444444444444
GLIOMA,RL-DOHO [Q-learning],1,0.1416856756234294,0.8571428571428571,114,0.9333333333333333,0.9166666666666666,0.9375,0.9142857142857143
GLIOMA,RL-DOHO [κ=1],1,0.16975713641342874,0.8285714285714285,19,0.6666666666666666,0.5833333333333334,0.5625,0.543939393939394
GLIOMA,RL-DOHO [κ=3],1,0.14156388942586512,0.8571428571428571,60,0.9333333333333333,0.95,0.95,0.9444444444444444
GLIOMA,RL-DOHO [κ=4],1,0.19803834009923316,0.8,17,0.6666666666666666,0.6833333333333333,0.7125,0.6936507936507936
GLIOMA,GA+SI,2,0.14149171982730852,0.8571428571428571,28,0.6666666666666666,0.5785714285714286,0.5625,0.5416666666666666
GLIOMA,HO+SI,2,0.16974811521360916,0.8285714285714285,15,0.7333333333333333,0.6083333333333334,0.625,0.6082251082251082
GLIOMA,RL-DOHO [Q-learning],2,0.1697458599136543,0.8285714285714285,14,0.6,0.4833333333333333,0.5125,0.49134199134199136
GLIOMA,RL-DOHO [κ=1],2,0.1414624009278949,0.8571428571428571,15,0.7333333333333333,0.7083333333333334,0.6875,0.6844155844155844
GLIOMA,RL-DOHO [κ=3],2,0.1416135060248728,0.8571428571428571,82,0.9333333333333333,0.95,0.875,0.8888888888888888
GLIOMA,RL-DOHO [κ=4],2,0.1414646562278498,0.8571428571428571,16,0.6666666666666666,0.5833333333333334,0.5625,0.5665584415584416
GLIOMA,GA+SI,3,0.1415751659256396,0.8571428571428571,65,0.8666666666666667,0.875,0.875,0.8558441558441559
GLIOMA,HO+SI,3,0.14186158901991114,0.8571428571428571,192,0.8666666666666667,0.8666666666666667,0.8875,0.8587301587301587
GLIOMA,RL-DOHO [Q-learning],3,0.11334583413879754,0.8857142857142858,90,0.7333333333333333,0.8035714285714286,0.75,0.7083333333333334
GLIOMA,RL-DOHO [κ=1],3,0.11329170693988008,0.8857142857142858,66,0.6666666666666666,0.7083333333333333,0.7,0.6580086580086579
GLIOMA,RL-DOHO [κ=3],3,0.1697796894129777,0.8285714285714285,29,0.8666666666666667,0.9166666666666666,0.8125,0.830952380952381
GLIOMA,RL-DOHO [κ=4],3,0.16993079450995557,0.8285714285714285,96,0.8,0.7916666666666666,0.825,0.7972222222222222
GLIOMA,GA+SI,4,0.08495637605515821,0.9142857142857143,44,0.7333333333333333,0.6875,0.6875,0.6826298701298701
GLIOMA,HO+SI,4,0.14149623042721832,0.8571428571428571,30,0.8666666666666667,0.9083333333333333,0.8125,0.8304473304473304
GLIOMA,RL-DOHO [Q-learning],4,0.16977066821315812,0.8285714285714285,25,0.8,0.8374999999999999,0.7625,0.7763888888888888
GLIOMA,RL-DOHO [κ=1],4,0.16977066821315812,0.8285714285714285,25,0.8,0.8374999999999999,0.7625,0.7763888888888888
GLIOMA,RL-DOHO [κ=3],4,0.16976390231329333,0.8285714285714286,22,0.6666666666666666,0.65,0.65,0.6458333333333333
GLIOMA,RL-DOHO [κ=4],4,0.16977066821315812,0.8285714285714285,25,0.8,0.8374999999999999,0.7625,0.7763888888888888
GLIOMA,GA+SI,5,0.11351272633545968,0.8857142857142858,164,0.8,0.8333333333333334,0.75,0.7689393939393939
GLIOMA,HO+SI,5,0.11320149494168431,0.8857142857142858,26,0.7333333333333333,0.7827380952380952,0.6875,0.7053571428571428
GLIOMA,RL-DOHO [Q-learning],5,0.14205554481603203,0.8571428571428571,278,0.8,0.8452380952380952,0.8125,0.8154761904761906
GLIOMA,RL-DOHO [κ=1],5,0.14149397512726342,0.8571428571428571,29,0.7333333333333333,0.7916666666666666,0.7625,0.7711038961038961
GLIOMA,RL-DOHO [κ=3],5,0.16983607191185005,0.8285714285714285,54,0.6666666666666666,0.7291666666666666,0.6375,0.6609848484848484
GLIOMA,RL-DOHO [κ=4],5,0.14160222952509832,0.8571428571428571,77,0.6666666666666666,0.7250000000000001,0.6375,0.6583333333333333
GLIOMA,GA+SI,6,0.11326464334042134,0.8857142857142858,54,0.6666666666666666,0.6916666666666667,0.7125,0.6892857142857143
GLIOMA,HO+SI,6,0.14148946452735361,0.8571428571428571,27,0.7333333333333333,0.775,0.775,0.775
GLIOMA,RL-DOHO [Q-learning],6,0.17021270700431723,0.8285714285714286,221,0.6666666666666666,0.6916666666666667,0.7125,0.6892857142857143
GLIOMA,RL-DOHO [κ=1],6,0.14156163412591025,0.8571428571428571,59,0.7333333333333333,0.7,0.7,0.7
GLIOMA,RL-DOHO [κ=3],6,0.1698112636123462,0.8285714285714285,43,0.7333333333333333,0.7916666666666666,0.775,0.7208333333333333
GLIOMA,RL-DOHO [κ=4],6,0.14147593272762427,0.8571428571428571,21,0.6666666666666666,0.7083333333333334,0.7125,0.7077922077922078
GLIOMA,GA+SI,7,0.14201946001675372,0.8571428571428571,262,0.8,0.8041666666666667,0.825,0.8017857142857143
GLIOMA,HO+SI,7,0.1132804304401056,0.8857142857142858,61,0.8666666666666667,0.875,0.875,0.8558441558441559
GLIOMA,RL-DOHO [Q-learning],7,0.11333455763902306,0.8857142857142858,85,0.9333333333333333,0.9583333333333334,0.9375,0.9415584415584416
GLIOMA,RL-DOHO [κ=1],7,0.16997590050905337,0.8285714285714286,116,0.6666666666666666,0.7125,0.7125,0.6666666666666666
GLIOMA,RL-DOHO [κ=3],7,0.1699646240092789,0.8285714285714286,111,0.6666666666666666,0.7125,0.7125,0.6666666666666666
GLIOMA,RL-DOHO [κ=4],7,0.11346310973645202,0.8857142857142858,142,0.6666666666666666,0.7125,0.7125,0.6666666666666666
GLIOMA,GA+SI,8,0.11336162123848179,0.8857142857142858,97,0.7333333333333333,0.7625,0.7625,0.7208333333333332
GLIOMA,HO+SI,8,0.11331200463947412,0.8857142857142858,75,0.6,0.575,0.575,0.5541666666666667
GLIOMA,RL-DOHO [Q-learning],8,0.14162252722469237,0.8571428571428571,86,0.7333333333333333,0.7625,0.7625,0.7208333333333332
GLIOMA,RL-DOHO [κ=1],8,0.14152103872672214,0.8571428571428571,41,0.7333333333333333,0.7499999999999999,0.7625,0.738961038961039
GLIOMA,RL-DOHO [κ=3],8,0.1707427024937173,0.8285714285714286,456,0.6666666666666666,0.7375,0.7,0.6303571428571428
GLIOMA,RL-DOHO [κ=4],8,0.19807216959855656,0.8,32,0.6,0.65,0.65,0.6083333333333333
GLIOMA,GA+SI,9,0.08495637605515821,0.9142857142857143,44,0.9333333333333333,0.9583333333333334,0.9375,0.9415584415584416
GLIOMA,HO+SI,9,0.11320826084154922,0.8857142857142856,29,0.8,0.8785714285714286,0.75,0.7638888888888888
GLIOMA,RL-DOHO [Q-learning],9,0.14151652812681234,0.8571428571428571,39,0.8666666666666667,0.9285714285714286,0.875,0.875
GLIOMA,RL-DOHO [κ=1],9,0.08494284425542885,0.9142857142857143,38,0.8666666666666667,0.875,0.875,0.8558441558441559
GLIOMA,RL-DOHO [κ=3],9,0.08495186545524842,0.9142857142857143,42,0.8,0.8785714285714286,0.75,0.7638888888888888
GLIOMA,RL-DOHO [κ=4],9,0.08495863135511311,0.9142857142857143,45,0.8,0.8785714285714286,0.75,0.7638888888888888
GSE93272,GA+SI,0,0.0804599999999999,0.918888888888889,80,0.925,0.8928571428571428,0.925,0.8994594594594595
GSE93272,HO+SI,0,0.09171399999999987,0.9077777777777779,207,0.9,0.8666666666666667,0.9,0.8675213675213675
GSE93272,RL-DOHO [Q-learning],0,0.09143799999999998,0.9077777777777778,69,0.8295454545454546,0.8020833333333333,0.8295454545454546,0.8012820512820513
GSE93272,RL-DOHO [κ=1],0,0.07393999999999987,0.9255555555555557,120,0.7795454545454545,0.7584033613445378,0.7795454545454545,0.7394957983193278
GSE93272,RL-DOHO [κ=3],0,0.09144199999999998,0.9077777777777778,71,0.8295454545454546,0.8020833333333333,0.8295454545454546,0.8012820512820513
GSE93272,RL-DOHO [κ=4],0,0.11123000000000001,0.8877777777777778,65,0.875,0.84375,0.875,0.8359788359788359
GSE93272,GA+SI,1,0.02099599999999997,0.9788888888888889,48,0.9545454545454546,0.9761904761904762,0.9545454545454546,0.9639953542392566
GSE93272,HO+SI,1,0.08255200000000003,0.9166666666666666,26,0.8181818181818181,0.9166666666666667,0.8181818181818181,0.8434343434343434
GSE93272,RL-DOHO [Q-learning],1,0.042996,0.9566666666666667,48,1.0,1.0,1.0,1.0
GSE93272,RL-DOHO [κ=1],1,0.06570000000000001,0.9338888888888889,125,0.9090909090909092,0.9545454545454546,0.9090909090909092,0.9261904761904762
GSE93272,RL-DOHO [κ=3],1,0.06277600000000014,0.9366666666666665,38,0.9545454545454546,0.9761904761904762,0.9545454545454546,0.9639953542392566
GSE93272,RL-DOHO [κ=4],1,0.040795999999999985,0.9588888888888889,48,0.884090909090909,0.9023809523809524,0.884090909090909,0.89198606271777
GSE93272,GA+SI,2,0.05310000000000001,0.9466666666666667,150,0.9295454545454545,0.9295454545454545,0.9295454545454545,0.9295454545454545
GSE93272,HO+SI,2,0.03194200000000004,0.9677777777777777,21,0.7931818181818182,0.8505434782608696,0.7931818181818182,0.810281517747858
GSE93272,RL-DOHO [Q-learning],2,0.061122,0.9388888888888889,311,0.7886363636363636,0.7886363636363636,0.7886363636363636,0.7886363636363636
GSE93272,RL-DOHO [κ=1],2,0.07204799999999997,0.9277777777777778,274,0.7931818181818182,0.8505434782608696,0.7931818181818182,0.810281517747858
GSE93272,RL-DOHO [κ=3],2,0.07323800000000014,0.9266666666666665,319,0.7227272727272727,0.7663043478260869,0.7227272727272727,0.7343941248470012
GSE93272,RL-DOHO [κ=4],2,0.08203400000000008,0.9177777777777777,317,0.8590909090909091,0.8590909090909091,0.8590909090909091,0.8590909090909091
GSE93272,GA+SI,3,0.07189199999999997,0.9277777777777778,196,0.8795454545454545,0.8568376068376069,0.8795454545454545,0.8640350877192983
GSE93272,HO+SI,3,0.09402999999999989,0.9055555555555557,265,0.9,0.8666666666666667,0.9,0.8675213675213675
GSE93272,RL-DOHO [Q-learning],3,0.09414599999999988,0.9055555555555557,323,0.85,0.8235294117647058,0.85,0.8046218487394958
GSE93272,RL-DOHO [κ=1],3,0.09433999999999988,0.9055555555555557,420,0.875,0.84375,0.875,0.8359788359788359
GSE93272,RL-DOHO [κ=3],3,0.08276599999999992,0.9166666666666667,133,0.8045454545454545,0.7791666666666667,0.8045454545454545,0.7703703703703704
GSE93272,RL-DOHO [κ=4],3,0.10526199999999995,0.8944444444444445,381,0.85,0.8235294117647058,0.85,0.8046218487394958
GSE93272,GA+SI,4,0.08438199999999996,0.915,116,0.9295454545454545,0.9295454545454545,0.9295454545454545,0.9295454545454545
GSE93272,HO+SI,4,0.043052,0.9566666666666667,76,0.9045454545454545,0.8903508771929824,0.9045454545454545,0.8963210702341138
GSE93272,RL-DOHO [Q-learning],4,0.09859999999999988,0.9005555555555557,75,0.8340909090909091,0.8223684210526316,0.8340909090909091,0.8272017837235228
GSE93272,RL-DOHO [κ=1],4,0.05062599999999999,0.9488888888888889,13,0.7681818181818182,0.797979797979798,0.7681818181818182,0.7785714285714285
GSE93272,RL-DOHO [κ=3],4,0.10960999999999985,0.8894444444444446,80,0.8090909090909091,0.7905982905982906,0.8090909090909091,0.7960526315789473
GSE93272,RL-DOHO [κ=4],4,0.08760799999999994,0.9116666666666667,79,0.8090909090909091,0.7905982905982906,0.8090909090909091,0.7960526315789473
GSE93272,GA+SI,5,0.06408199999999997,0.9355555555555556,141,0.8545454545454545,0.8277310924369747,0.8545454545454545,0.8324324324324325
GSE93272,HO+SI,5,0.060546,0.9388888888888889,23,0.8545454545454545,0.8277310924369747,0.8545454545454545,0.8324324324324325
GSE93272,RL-DOHO [Q-learning],5,0.08521200000000005,0.9144444444444444,256,0.8795454545454545,0.8568376068376069,0.8795454545454545,0.8640350877192983
GSE93272,RL-DOHO [κ=1],5,0.08521600000000006,0.9144444444444444,258,0.8795454545454545,0.8568376068376069,0.8795454545454545,0.8640350877192983
GSE93272,RL-DOHO [κ=3],5,0.07418600000000009,0.9255555555555555,243,0.8340909090909091,0.8223684210526316,0.8340909090909091,0.8272017837235228
GSE93272,RL-DOHO [κ=4],5,0.09261200000000006,0.9066666666666666,106,0.9295454545454545,0.9295454545454545,0.9295454545454545,0.9295454545454545
GSE93272,GA+SI,6,0.031009999999999868,0.968888888888889,105,0.8136363636363637,0.8285714285714285,0.8136363636363637,0.8199767711962833
GSE93272,HO+SI,6,0.06709200000000007,0.9327777777777777,271,0.7931818181818182,0.8505434782608696,0.7931818181818182,0.810281517747858
GSE93272,RL-DOHO [Q-learning],6,0.05178399999999995,0.9477777777777778,42,0.8136363636363637,0.8285714285714285,0.8136363636363637,0.8199767711962833
GSE93272,RL-DOHO [κ=1],6,0.05288,0.9466666666666667,40,0.8136363636363637,0.8285714285714285,0.8136363636363637,0.8199767711962833
GSE93272,RL-DOHO [κ=3],6,0.05287200000000001,0.9466666666666667,36,0.8590909090909091,0.8590909090909091,0.8590909090909091,0.8590909090909091
GSE93272,RL-DOHO [κ=4],6,0.04435800000000006,0.9555555555555555,179,0.7681818181818182,0.797979797979798,0.7681818181818182,0.7785714285714285
GSE93272,GA+SI,7,0.07402600000000009,0.9255555555555555,163,0.8795454545454545,0.8568376068376069,0.8795454545454545,0.8640350877192983
GSE93272,HO+SI,7,0.06391199999999997,0.9355555555555556,56,0.8545454545454545,0.8277310924369747,0.8545454545454545,0.8324324324324325
GSE93272,RL-DOHO [Q-learning],7,0.1150459999999999,0.8855555555555557,873,0.8545454545454545,0.8277310924369747,0.8545454545454545,0.8324324324324325
GSE93272,RL-DOHO [κ=1],7,0.07262999999999992,0.9266666666666667,15,0.95,0.9230769230769231,0.95,0.9320175438596491
GSE93272,RL-DOHO [κ=3],7,0.11456599999999996,0.8844444444444445,83,0.8545454545454545,0.8277310924369747,0.8545454545454545,0.8324324324324325
GSE93272,RL-DOHO [κ=4],7,0.1088619999999999,0.8905555555555557,256,0.8295454545454546,0.8020833333333333,0.8295454545454546,0.8012820512820513
GSE93272,GA+SI,8,0.05974600000000016,0.9399999999999998,173,0.9295454545454545,0.9295454545454545,0.9295454545454545,0.9295454545454545
GSE93272,HO+SI,8,0.10734200000000005,0.8916666666666666,46,0.9295454545454545,0.9295454545454545,0.9295454545454545,0.9295454545454545
GSE93272,RL-DOHO [Q-learning],8,0.1346620000000001,0.8644444444444443,231,0.884090909090909,0.9023809523809524,0.884090909090909,0.89198606271777
GSE93272,RL-DOHO [κ=1],8,0.09296200000000004,0.9066666666666666,281,0.9545454545454546,0.9761904761904762,0.9545454545454546,0.9639953542392566
GSE93272,RL-DOHO [κ=3],8,0.08264800000000003,0.9166666666666666,74,0.884090909090909,0.9023809523809524,0.884090909090909,0.89198606271777
GSE93272,RL-DOHO [κ=4],8,0.15851599999999996,0.8455555555555556,2808,0.9295454545454545,0.9295454545454545,0.9295454545454545,0.9295454545454545
GSE93272,GA+SI,9,0.042066000000000055,0.9577777777777777,133,0.9545454545454546,0.9761904761904762,0.9545454545454546,0.9639953542392566
GSE93272,HO+SI,9,0.052950000000000004,0.9466666666666667,75,0.9295454545454545,0.9295454545454545,0.9295454545454545,0.9295454545454545
GSE93272,RL-DOHO [Q-learning],9,0.09270800000000005,0.9066666666666666,154,0.9545454545454546,0.9761904761904762,0.9545454545454546,0.9639953542392566
GSE93272,RL-DOHO [κ=1],9,0.0838720000000001,0.9155555555555555,136,0.8636363636363636,0.9347826086956521,0.8636363636363636,0.8861689106487147
GSE93272,RL-DOHO [κ=3],9,0.05310800000000001,0.9466666666666667,154,0.9090909090909092,0.9545454545454546,0.9090909090909092,0.9261904761904762
GSE93272,RL-DOHO [κ=4],9,0.07291800000000014,0.9266666666666665,159,0.8636363636363636,0.9347826086956521,0.8636363636363636,0.8861689106487147
WDBC,RL-DOHO,0,0.027881839080459624,0.9755402298850576,11,0.9375730140186915,0.9375730140186915,0.9375730140186915,0.9375730140186915
WDBC,DO,0,0.03262896551724124,0.9720919540229886,15,0.9407126168224299,0.9354978354978355,0.9407126168224299,0.9379535558780843
WDBC,HO,0,0.03053517241379314,0.9742068965517241,15,0.9250876168224299,0.9250876168224299,0.9250876168224299,0.9250876168224299
WDBC,DOHO,0,0.03019517241379307,0.9735402298850575,12,0.9453855140186915,0.9426705370101597,0.9453855140186915,0.9439895185063871
WDBC,GA,0,0.026255172413793063,0.9795402298850575,18,0.9500584112149533,0.9500584112149533,0.9500584112149533,0.9500584112149533
WDBC,BPSO,0,0.0259151724137931,0.9788735632183908,15,0.9329001168224299,0.9302612481857765,0.9329001168224299,0.9315427448411399
WDBC,BGWO,0,0.02690183908045984,0.9775402298850574,14,0.9422459112149533,0.9451058201058201,0.9422459112149533,0.9436366965757188
WDBC,GA+SI,0,0.02590183908045984,0.9775402298850574,11,0.9500584112149533,0.9500584112149533,0.9500584112149533,0.9500584112149533
WDBC,HO+SI,0,0.025680919540229837,0.9784367816091954,13,0.9578709112149533,0.9550798258345428,0.9578709112149533,0.9564362921716345
WDBC,RL-DOHO [Q-learning],0,0.02348804597701167,0.9809885057471263,14,0.9407126168224299,0.9354978354978355,0.9407126168224299,0.9379535558780843
WDBC,RL-DOHO [random arm],0,0.02348804597701167,0.9809885057471263,14,0.9407126168224299,0.9354978354978355,0.9407126168224299,0.9379535558780843
WDBC,RL-DOHO [PERTURB only],0,0.023687586206896576,0.979103448275862,9,0.9578709112149533,0.9550798258345428,0.9578709112149533,0.9564362921716345
WDBC,RL-DOHO [no intervention],0,0.03262896551724124,0.9720919540229886,15,0.9407126168224299,0.9354978354978355,0.9407126168224299,0.9379535558780843
WDBC,RL-DOHO [κ=1],0,0.027235172413792957,0.9775402298850576,15,0.9329001168224299,0.9302612481857765,0.9329001168224299,0.9315427448411399
WDBC,RL-DOHO [κ=3],0,0.028548505747126397,0.9755402298850575,13,0.9438522196261683,0.9339663049685893,0.9438522196261683,0.9383116883116882
WDBC,RL-DOHO [κ=4],0,0.026248505747126432,0.9788735632183908,16,0.9407126168224299,0.9354978354978355,0.9407126168224299,0.9379535558780843
WDBC,LASSO,0,0.034036091954023115,0.9679770114942527,7,0.9500584112149533,0.9500584112149533,0.9500584112149533,0.9500584112149533
WDBC,mRMR,0,0.0363627586206897,0.9673103448275862,12,0.954731308411215,0.9576719576719577,0.954731308411215,0.9561618751144478
WDBC,ReliefF,0,0.03284850574712648,0.9722068965517241,16,0.9515917056074766,0.9608792846497765,0.9515917056074766,0.9558709677419355
WDBC,All features,0,0.04764275862068957,0.961977011494253,30,0.9360397196261683,0.9285304247990815,0.9360397196261683,0.931948916464672
WDBC,RL-DOHO,1,0.03482183908045963,0.9695402298850576,14,0.9406396028037383,0.960405859017394,0.9406396028037383,0.9490312965722802
WDBC,DO,1,0.04804321839080448,0.9571954022988507,17,0.9562646028037383,0.9691441441441442,0.9562646028037383,0.962044983722995
WDBC,HO,1,0.032054712643678124,0.9709885057471265,10,0.946918808411215,0.9528706717963895,0.946918808411215,0.9497354497354498
WDBC,DOHO,1,0.02953517241379314,0.9742068965517241,12,0.9437792056074766,0.9563063063063063,0.9437792056074766,0.9493933116306599
WDBC,GA,1,0.017874712643678146,0.9863218390804598,13,0.9562646028037383,0.9691441441441442,0.9562646028037383,0.962044983722995
WDBC,BPSO,1,0.022168045977011483,0.9823218390804598,14,0.9562646028037383,0.9691441441441442,0.9562646028037383,0.962044983722995
WDBC,BGWO,1,0.03162896551724124,0.9720919540229886,12,0.9562646028037383,0.9691441441441442,0.9562646028037383,0.962044983722995
WDBC,GA+SI,1,0.028548505747126293,0.9755402298850576,13,0.9406396028037383,0.960405859017394,0.9406396028037383,0.9490312965722802
WDBC,HO+SI,1,0.030302298850574647,0.9727586206896552,10,0.9359667056074766,0.9518008474576272,0.9359667056074766,0.942866688940862
WDBC,RL-DOHO [Q-learning],1,0.0330680459770116,0.9723218390804597,17,0.9640771028037383,0.9736214605067064,0.9640771028037383,0.968479262672811
WDBC,RL-DOHO [random arm],1,0.022581839080459767,0.9788735632183908,5,0.9640771028037383,0.9736214605067064,0.9640771028037383,0.968479262672811
WDBC,RL-DOHO [PERTURB only],1,0.03482183908045963,0.9695402298850576,14,0.9406396028037383,0.960405859017394,0.9406396028037383,0.9490312965722802
WDBC,RL-DOHO [no intervention],1,0.04804321839080448,0.9571954022988507,17,0.9562646028037383,0.9691441441441442,0.9562646028037383,0.962044983722995
WDBC,RL-DOHO [κ=1],1,0.02931563218390801,0.9740919540229885,11,0.9359667056074766,0.9518008474576272,0.9359667056074766,0.942866688940862
WDBC,RL-DOHO [κ=3],1,0.03548183908045978,0.9688735632183908,14,0.9515917056074766,0.9608792846497765,0.9515917056074766,0.9558709677419355
WDBC,RL-DOHO [κ=4],1,0.03348183908045989,0.9688735632183907,8,0.9281542056074766,0.9473603906011596,0.9281542056074766,0.9362891207153503
WDBC,LASSO,1,0.03260896551724146,0.9700919540229884,9,0.9359667056074766,0.9518008474576272,0.9359667056074766,0.942866688940862
WDBC,mRMR,1,0.03769609195402304,0.9673103448275862,16,0.9437792056074766,0.9563063063063063,0.9437792056074766,0.9493933116306599
WDBC,ReliefF,1,0.03382850574712637,0.9702068965517242,13,0.9359667056074766,0.9518008474576272,0.9359667056074766,0.942866688940862
WDBC,All features,1,0.054356551724137926,0.9551954022988506,30,0.9406396028037383,0.960405859017394,0.9406396028037383,0.9490312965722802
WDBC,RL-DOHO,2,0.023367586206896503,0.9804367816091955,12,0.939106308411215,0.9481371087928465,0.939106308411215,0.9432626728110599
WDBC,DO,2,0.03592758620689644,0.9697701149425288,18,0.9328271028037383,0.956140350877193,0.9328271028037383,0.9424479264051457
WDBC,HO,2,0.027000919540229915,0.977103448275862,13,0.9328271028037383,0.956140350877193,0.9328271028037383,0.9424479264051457
WDBC,DOHO,2,0.027247126436781666,0.9798850574712643,22,0.9406396028037383,0.960405859017394,0.9406396028037383,0.9490312965722802
WDBC,GA,2,0.021273793103448405,0.9825517241379309,12,0.9328271028037383,0.956140350877193,0.9328271028037383,0.9424479264051457
WDBC,BPSO,2,0.022933793103448112,0.9818850574712645,15,0.939106308411215,0.9481371087928465,0.939106308411215,0.9432626728110599
WDBC,BGWO,2,0.021620459770114887,0.9838850574712644,17,0.9406396028037383,0.960405859017394,0.9406396028037383,0.9490312965722802
WDBC,GA+SI,2,0.01732712643678166,0.9878850574712643,16,0.931293808411215,0.9434684684684684,0.931293808411215,0.936741639538325
WDBC,HO+SI,2,0.023920459770115074,0.9805517241379309,14,0.9250146028037383,0.9519409937888199,0.9250146028037383,0.9358108108108107
WDBC,RL-DOHO [Q-learning],2,0.02051999999999994,0.9853333333333334,18,0.9328271028037383,0.956140350877193,0.9328271028037383,0.9424479264051457
WDBC,RL-DOHO [random arm],2,0.025253793103448406,0.9805517241379309,18,0.9328271028037383,0.956140350877193,0.9328271028037383,0.9424479264051457
WDBC,RL-DOHO [PERTURB only],2,0.02194045977011507,0.9825517241379309,14,0.9375,0.9652173913043478,0.9375,0.9486486486486487
WDBC,RL-DOHO [no intervention],2,0.03592758620689644,0.9697701149425288,18,0.9328271028037383,0.956140350877193,0.9328271028037383,0.9424479264051457
WDBC,RL-DOHO [κ=1],2,0.02402091954022991,0.979103448275862,10,0.9172021028037383,0.9478056426332289,0.9172021028037383,0.9291178354749972
WDBC,RL-DOHO [κ=3],2,0.020840000000000015,0.984,15,0.921875,0.9572649572649572,0.921875,0.9353056900726393
WDBC,RL-DOHO [κ=4],2,0.02691379310344833,0.9798850574712643,21,0.9359667056074766,0.9518008474576272,0.9359667056074766,0.942866688940862
WDBC,LASSO,2,0.021913793103448112,0.9798850574712645,6,0.9359667056074766,0.9518008474576272,0.9359667056074766,0.942866688940862
WDBC,mRMR,2,0.024587126436781518,0.9805517241379311,16,0.9406396028037383,0.960405859017394,0.9406396028037383,0.9490312965722802
WDBC,ReliefF,2,0.028640919540229733,0.9744367816091956,10,0.907856308411215,0.9298245614035088,0.907856308411215,0.9168692270296548
WDBC,All features,2,0.03662758620689658,0.973103448275862,30,0.9453125,0.9692982456140351,0.9453125,0.9552372760928911
WDBC,RL-DOHO,3,0.028640919540229733,0.9744367816091956,10,0.9437792056074766,0.9563063063063063,0.9437792056074766,0.9493933116306599
WDBC,DO,3,0.0517622988505747,0.9520919540229885,13,0.9484521028037383,0.9647397094430993,0.9484521028037383,0.9555629802873371
WDBC,HO,3,0.03547379310344838,0.9692183908045976,15,0.9640771028037383,0.9736214605067064,0.9640771028037383,0.968479262672811
WDBC,DOHO,3,0.04173379310344824,0.9618850574712644,12,0.9562646028037383,0.9691441441441442,0.9562646028037383,0.962044983722995
WDBC,GA,3,0.027873793103448227,0.9758850574712644,12,0.9437792056074766,0.9563063063063063,0.9437792056074766,0.9493933116306599
WDBC,BPSO,3,0.03162091954022973,0.9724367816091956,13,0.962543808411215,0.962543808411215,0.962543808411215,0.962543808411215
WDBC,BGWO,3,0.023799999999999908,0.9800000000000001,12,0.9562646028037383,0.9691441441441442,0.9562646028037383,0.962044983722995
WDBC,GA+SI,3,0.027873793103448227,0.9758850574712644,12,0.9578709112149533,0.9550798258345428,0.9578709112149533,0.9564362921716345
WDBC,HO+SI,3,0.03327425287356303,0.9711034482758623,14,0.946918808411215,0.9528706717963895,0.946918808411215,0.9497354497354498
WDBC,RL-DOHO [Q-learning],3,0.0266742528735631,0.9777701149425289,14,0.9640771028037383,0.9736214605067064,0.9640771028037383,0.968479262672811
WDBC,RL-DOHO [random arm],3,0.03589425287356329,0.9664367816091953,8,0.9359667056074766,0.9518008474576272,0.9359667056074766,0.942866688940862
WDBC,RL-DOHO [PERTURB only],3,0.026994252873563173,0.9764367816091954,11,0.9359667056074766,0.9518008474576272,0.9359667056074766,0.942866688940862
WDBC,RL-DOHO [no intervention],3,0.0517622988505747,0.9520919540229885,13,0.9484521028037383,0.9647397094430993,0.9484521028037383,0.9555629802873371
WDBC,RL-DOHO [κ=1],3,0.02952712643678153,0.9745517241379311,13,0.9515917056074766,0.9608792846497765,0.9515917056074766,0.9558709677419355
WDBC,RL-DOHO [κ=3],3,0.030507126436781527,0.9725517241379311,10,0.9437792056074766,0.9563063063063063,0.9437792056074766,0.9493933116306599
WDBC,RL-DOHO [κ=4],3,0.03437471264367831,0.969655172413793,13,0.962543808411215,0.962543808411215,0.962543808411215,0.962543808411215
WDBC,LASSO,3,0.0429680459770115,0.9623218390804598,17,0.9609375,0.9776785714285714,0.9609375,0.9682592716338122
WDBC,mRMR,3,0.04528137931034505,0.9603218390804595,18,0.9718896028037383,0.9781740159810595,0.9718896028037383,0.9748677248677249
WDBC,ReliefF,3,0.04183425287356318,0.9604367816091954,8,0.9515917056074766,0.9608792846497765,0.9515917056074766,0.9558709677419355
WDBC,All features,3,0.06534896551724137,0.9440919540229885,30,0.9718896028037383,0.9781740159810595,0.9718896028037383,0.9748677248677249
WDBC,RL-DOHO,4,0.02765425287356321,0.9757701149425287,11,0.921875,0.9572649572649572,0.921875,0.9353056900726393
WDBC,DO,4,0.0367013793103449,0.9689885057471264,18,0.9172021028037383,0.9478056426332289,0.9172021028037383,0.9291178354749972
WDBC,HO,4,0.026540459770115005,0.9758850574712643,8,0.931293808411215,0.9434684684684684,0.931293808411215,0.936741639538325
WDBC,DOHO,4,0.0367013793103449,0.9689885057471264,18,0.9172021028037383,0.9478056426332289,0.9172021028037383,0.9291178354749972
WDBC,GA,4,0.023260459770114924,0.9812183908045977,14,0.9172021028037383,0.9478056426332289,0.9172021028037383,0.9291178354749972
WDBC,BPSO,4,0.030967586206896547,0.9737701149425287,15,0.9406396028037383,0.960405859017394,0.9406396028037383,0.9490312965722802
WDBC,BGWO,4,0.023260459770114924,0.9812183908045977,14,0.915668808411215,0.9343149221849252,0.915668808411215,0.9235469448584203
WDBC,GA+SI,4,0.019727586206896464,0.9831034482758622,9,0.9281542056074766,0.9473603906011596,0.9281542056074766,0.9362891207153503
WDBC,HO+SI,4,0.026327586206896507,0.9764367816091954,9,0.9328271028037383,0.956140350877193,0.9328271028037383,0.9424479264051457
WDBC,RL-DOHO [Q-learning],4,0.029421379310344824,0.9743218390804598,12,0.9250146028037383,0.9519409937888199,0.9250146028037383,0.9358108108108107
WDBC,RL-DOHO [random arm],4,0.031068045977011603,0.9723218390804597,11,0.9296875,0.9612068965517242,0.9296875,0.9420055017522704
WDBC,RL-DOHO [PERTURB only],4,0.019947126436781593,0.9832183908045977,10,0.9203417056074766,0.9429824561403508,0.9203417056074766,0.9296585767174002
WDBC,RL-DOHO [no intervention],4,0.0367013793103449,0.9689885057471264,18,0.9172021028037383,0.9478056426332289,0.9172021028037383,0.9291178354749972
WDBC,RL-DOHO [κ=1],4,0.023354252873563245,0.979103448275862,8,0.915668808411215,0.9343149221849252,0.915668808411215,0.9235469448584203
WDBC,RL-DOHO [κ=3],4,0.030627586206896474,0.9731034482758621,12,0.9406396028037383,0.960405859017394,0.9406396028037383,0.9490312965722802
WDBC,RL-DOHO [κ=4],4,0.029081379310344862,0.9736551724137931,9,0.9359667056074766,0.9518008474576272,0.9359667056074766,0.942866688940862
WDBC,LASSO,4,0.02808804597701149,0.9743218390804598,8,0.9484521028037383,0.9647397094430993,0.9484521028037383,0.9555629802873371
WDBC,mRMR,4,0.02554712643678163,0.976551724137931,7,0.9281542056074766,0.9473603906011596,0.9281542056074766,0.9362891207153503
WDBC,ReliefF,4,0.03403471264367824,0.9689885057471264,10,0.923481308411215,0.9388619854721549,0.923481308411215,0.9301703975943869
WDBC,All features,4,0.04411517241379308,0.9655402298850575,30,0.9250146028037383,0.9519409937888199,0.9250146028037383,0.9358108108108107
WDBC,RL-DOHO,5,0.02645471264367808,0.9776551724137932,13,0.9281542056074766,0.9473603906011596,0.9281542056074766,0.9362891207153503
WDBC,DO,5,0.04120896551724139,0.9634252873563218,15,0.9203417056074766,0.9429824561403508,0.9203417056074766,0.9296585767174002
WDBC,HO,5,0.028215172413793066,0.9755402298850575,12,0.9328271028037383,0.956140350877193,0.9328271028037383,0.9424479264051457
WDBC,DOHO,5,0.029409425287356333,0.9719770114942529,5,0.9296875,0.9612068965517242,0.9296875,0.9420055017522704
WDBC,GA,5,0.020521379310344815,0.9843218390804598,15,0.954731308411215,0.9576719576719577,0.954731308411215,0.9561618751144478
WDBC,BPSO,5,0.02756183908045977,0.9768735632183908,14,0.9375,0.9652173913043478,0.9375,0.9486486486486487
WDBC,BGWO,5,0.02943471264367808,0.9756551724137932,16,0.923481308411215,0.9388619854721549,0.923481308411215,0.9301703975943869
WDBC,GA+SI,5,0.02117471264367822,0.9829885057471264,13,0.9203417056074766,0.9429824561403508,0.9203417056074766,0.9296585767174002
WDBC,HO+SI,5,0.02908137931034475,0.9736551724137932,9,0.907856308411215,0.9298245614035088,0.907856308411215,0.9168692270296548
WDBC,RL-DOHO [Q-learning],5,0.021621839080459653,0.9828735632183909,14,0.9296875,0.9612068965517242,0.9296875,0.9420055017522704
WDBC,RL-DOHO [random arm],5,0.03053517241379314,0.9742068965517241,15,0.9328271028037383,0.956140350877193,0.9328271028037383,0.9424479264051457
WDBC,RL-DOHO [PERTURB only],5,0.02690183908045984,0.9775402298850574,14,0.9328271028037383,0.956140350877193,0.9328271028037383,0.9424479264051457
WDBC,RL-DOHO [no intervention],5,0.04120896551724139,0.9634252873563218,15,0.9203417056074766,0.9429824561403508,0.9203417056074766,0.9296585767174002
WDBC,RL-DOHO [κ=1],5,0.026781379310344897,0.9769885057471264,12,0.9453125,0.9692982456140351,0.9453125,0.9552372760928911
WDBC,RL-DOHO [κ=3],5,0.027114712643678228,0.9769885057471264,13,0.9562646028037383,0.9691441441441442,0.9562646028037383,0.962044983722995
WDBC,RL-DOHO [κ=4],5,0.03218183908045981,0.9722068965517241,14,0.9406396028037383,0.960405859017394,0.9406396028037383,0.9490312965722802
WDBC,LASSO,5,0.03141471264367809,0.9736551724137932,16,0.9328271028037383,0.956140350877193,0.9328271028037383,0.9424479264051457
WDBC,mRMR,5,0.04287563218390806,0.9634252873563218,20,0.9172021028037383,0.9478056426332289,0.9172021028037383,0.9291178354749972
WDBC,ReliefF,5,0.031195172413793288,0.9735402298850573,15,0.9437792056074766,0.9563063063063063,0.9437792056074766,0.9493933116306599
WDBC,All features,5,0.04752896551724147,0.9620919540229884,30,0.953125,0.9734513274336283,0.953125,0.9617734724292102
WDBC,RL-DOHO,6,0.03656091954022996,0.9664367816091953,10,0.9594042056074766,0.9655223438887245,0.9594042056074766,0.9623015873015872
WDBC,DO,6,0.04550091954022985,0.9604367816091954,19,0.962543808411215,0.962543808411215,0.962543808411215,0.962543808411215
WDBC,HO,6,0.03898137931034487,0.9636551724137931,9,0.9640771028037383,0.9736214605067064,0.9640771028037383,0.968479262672811
WDBC,DOHO,6,0.03591425287356329,0.9684367816091953,14,0.9672167056074766,0.9702380952380952,0.9672167056074766,0.9686870536531771
WDBC,GA,6,0.032173793103448416,0.9725517241379309,15,0.962543808411215,0.962543808411215,0.962543808411215,0.962543808411215
WDBC,BPSO,6,0.03435999999999995,0.9693333333333334,12,0.9672167056074766,0.9702380952380952,0.9672167056074766,0.9686870536531771
WDBC,BGWO,6,0.03493425287356318,0.9704367816091954,17,0.9750292056074766,0.9750292056074766,0.9750292056074766,0.9750292056074766
WDBC,GA+SI,6,0.03415379310344831,0.970551724137931,15,0.9500584112149533,0.9500584112149533,0.9500584112149533,0.9500584112149533
WDBC,HO+SI,6,0.03458091954022985,0.9684367816091954,10,0.9485251168224299,0.9408008036739379,0.9485251168224299,0.9443218407438225
WDBC,RL-DOHO [Q-learning],6,0.03446712643678164,0.968551724137931,10,0.9672167056074766,0.9702380952380952,0.9672167056074766,0.9686870536531771
WDBC,RL-DOHO [random arm],6,0.03732804597701168,0.9649885057471262,8,0.9407126168224299,0.9354978354978355,0.9407126168224299,0.9379535558780843
WDBC,RL-DOHO [PERTURB only],6,0.031620919540229844,0.9724367816091954,13,0.9515917056074766,0.9608792846497765,0.9515917056074766,0.9558709677419355
WDBC,RL-DOHO [no intervention],6,0.04714758620689663,0.9584367816091953,18,0.9750292056074766,0.9750292056074766,0.9750292056074766,0.9750292056074766
WDBC,RL-DOHO [κ=1],6,0.03360091954022985,0.9704367816091954,13,0.9562646028037383,0.9691441441441442,0.9562646028037383,0.962044983722995
WDBC,RL-DOHO [κ=3],6,0.04296137931034476,0.9616551724137932,15,0.9484521028037383,0.9647397094430993,0.9484521028037383,0.9555629802873371
WDBC,RL-DOHO [κ=4],6,0.03567333333333351,0.9673333333333332,10,0.954731308411215,0.9576719576719577,0.954731308411215,0.9561618751144478
WDBC,LASSO,6,0.03390091954022981,0.9671034482758621,4,0.9640771028037383,0.9736214605067064,0.9640771028037383,0.968479262672811
WDBC,mRMR,6,0.04128137931034462,0.96032183908046,6,0.9594042056074766,0.9655223438887245,0.9594042056074766,0.9623015873015872
WDBC,ReliefF,6,0.039874252873563186,0.9644367816091954,14,0.9672167056074766,0.9702380952380952,0.9672167056074766,0.9686870536531771
WDBC,All features,6,0.06512137931034485,0.9443218390804597,30,0.9765625,0.9863636363636363,0.9765625,0.9810875576036866
WDBC,RL-DOHO,7,0.021727586206896465,0.9831034482758622,15,0.9515917056074766,0.9608792846497765,0.9515917056074766,0.9558709677419355
WDBC,DO,7,0.0376613793103448,0.9649885057471265,9,0.9407126168224299,0.9354978354978355,0.9407126168224299,0.9379535558780843
WDBC,HO,7,0.026887126436781705,0.9772183908045976,13,0.962543808411215,0.962543808411215,0.962543808411215,0.962543808411215
WDBC,DOHO,7,0.03326091954022977,0.9697701149425288,10,0.9531980140186915,0.9478354978354978,0.9531980140186915,0.9503628447024673
WDBC,GA,7,0.020293793103448293,0.984551724137931,15,0.9344334112149533,0.9402189997040544,0.9344334112149533,0.9371693121693121
WDBC,BPSO,7,0.02722712643678156,0.9778850574712644,16,0.9718896028037383,0.9781740159810595,0.9718896028037383,0.9748677248677249
WDBC,BGWO,7,0.02622712643678156,0.9778850574712644,13,0.9453855140186915,0.9426705370101597,0.9453855140186915,0.9439895185063871
WDBC,GA+SI,7,0.022260459770114923,0.9812183908045977,11,0.9500584112149533,0.9500584112149533,0.9500584112149533,0.9500584112149533
WDBC,HO+SI,7,0.026553793103448374,0.9772183908045976,12,0.962543808411215,0.962543808411215,0.962543808411215,0.962543808411215
WDBC,RL-DOHO [Q-learning],7,0.03206137931034486,0.9716551724137931,12,0.9422459112149533,0.9451058201058201,0.9422459112149533,0.9436366965757188
WDBC,RL-DOHO [random arm],7,0.023374252873563133,0.9811034482758622,14,0.946918808411215,0.9528706717963895,0.946918808411215,0.9497354497354498
WDBC,RL-DOHO [PERTURB only],7,0.020947126436781593,0.9832183908045977,13,0.9515917056074766,0.9608792846497765,0.9515917056074766,0.9558709677419355
WDBC,RL-DOHO [no intervention],7,0.0376613793103448,0.9649885057471265,9,0.9407126168224299,0.9354978354978355,0.9407126168224299,0.9379535558780843
WDBC,RL-DOHO [κ=1],7,0.020947126436781593,0.9832183908045977,13,0.954731308411215,0.9576719576719577,0.954731308411215,0.9561618751144478
WDBC,RL-DOHO [κ=3],7,0.02359379310344826,0.9812183908045977,15,0.9422459112149533,0.9451058201058201,0.9422459112149533,0.9436366965757188
WDBC,RL-DOHO [κ=4],7,0.03128091954022977,0.9717701149425289,10,0.9407126168224299,0.9354978354978355,0.9407126168224299,0.9379535558780843
WDBC,LASSO,7,0.03870804597701143,0.9696551724137932,26,0.9594042056074766,0.9655223438887245,0.9594042056074766,0.9623015873015872
WDBC,mRMR,7,0.034034712643678015,0.9689885057471266,10,0.9422459112149533,0.9451058201058201,0.9422459112149533,0.9436366965757188
WDBC,ReliefF,7,0.033807126436781715,0.9692183908045976,10,0.9203417056074766,0.9429824561403508,0.9203417056074766,0.9296585767174002
WDBC,All features,7,0.04543517241379315,0.9642068965517241,30,0.9594042056074766,0.9655223438887245,0.9594042056074766,0.9623015873015872
WDBC,RL-DOHO,8,0.03492091954022992,0.969103448275862,13,0.9562646028037383,0.9691441441441442,0.9562646028037383,0.962044983722995
WDBC,DO,8,0.04196804597701139,0.9623218390804599,14,0.9375,0.9652173913043478,0.9375,0.9486486486486487
WDBC,HO,8,0.03592091954022992,0.969103448275862,16,0.9250146028037383,0.9519409937888199,0.9250146028037383,0.9358108108108107
WDBC,DOHO,8,0.03458758620689659,0.969103448275862,12,0.9453125,0.9692982456140351,0.9453125,0.9552372760928911
WDBC,GA,8,0.03064091954022973,0.9744367816091956,16,0.953125,0.9734513274336283,0.953125,0.9617734724292102
WDBC,BPSO,8,0.033820459770114865,0.9705517241379311,14,0.9562646028037383,0.9691441441441442,0.9562646028037383,0.962044983722995
WDBC,BGWO,8,0.033274252873563254,0.971103448275862,14,0.9328271028037383,0.956140350877193,0.9328271028037383,0.9424479264051457
WDBC,GA+SI,8,0.030954252873563064,0.9724367816091956,11,0.953125,0.9734513274336283,0.953125,0.9617734724292102
WDBC,HO+SI,8,0.03491425287356329,0.9684367816091953,11,0.9328271028037383,0.956140350877193,0.9328271028037383,0.9424479264051457
WDBC,RL-DOHO [Q-learning],8,0.033587586206896586,0.969103448275862,9,0.9609375,0.9776785714285714,0.9609375,0.9682592716338122
WDBC,RL-DOHO [random arm],8,0.034254252873563255,0.969103448275862,11,0.9562646028037383,0.9691441441441442,0.9562646028037383,0.962044983722995
WDBC,RL-DOHO [PERTURB only],8,0.03227425287356325,0.971103448275862,11,0.9375,0.9652173913043478,0.9375,0.9486486486486487
WDBC,RL-DOHO [no intervention],8,0.04196804597701139,0.9623218390804599,14,0.9375,0.9652173913043478,0.9375,0.9486486486486487
WDBC,RL-DOHO [κ=1],8,0.02964091954022973,0.9744367816091956,13,0.9453125,0.9692982456140351,0.9453125,0.9552372760928911
WDBC,RL-DOHO [κ=3],8,0.033274252873563254,0.971103448275862,14,0.9609375,0.9776785714285714,0.9609375,0.9682592716338122
WDBC,RL-DOHO [κ=4],8,0.027994252873563174,0.9764367816091954,14,0.9375,0.9652173913043478,0.9375,0.9486486486486487
WDBC,LASSO,8,0.03558758620689659,0.969103448275862,15,0.9484521028037383,0.9647397094430993,0.9484521028037383,0.9555629802873371
WDBC,mRMR,8,0.040214252873563144,0.9651034482758621,17,0.9515917056074766,0.9608792846497765,0.9515917056074766,0.9558709677419355
WDBC,ReliefF,8,0.03790091954022981,0.9671034482758621,16,0.953125,0.9734513274336283,0.953125,0.9617734724292102
WDBC,All features,8,0.04928137931034484,0.9603218390804598,30,0.9640771028037383,0.9736214605067064,0.9640771028037383,0.968479262672811
WDBC,RL-DOHO,9,0.031421379310344826,0.9743218390804598,18,0.9562646028037383,0.9691441441441442,0.9562646028037383,0.962044983722995
WDBC,DO,9,0.03747517241379315,0.9682068965517241,18,0.9609375,0.9776785714285714,0.9609375,0.9682592716338122
WDBC,HO,9,0.03747517241379315,0.9682068965517241,18,0.9609375,0.9776785714285714,0.9609375,0.9682592716338122
WDBC,DOHO,9,0.03747517241379315,0.9682068965517241,18,0.9609375,0.9776785714285714,0.9609375,0.9682592716338122
WDBC,GA,9,0.03184850574712648,0.9722068965517241,13,0.96875,0.9819819819819819,0.96875,0.97469665581533
WDBC,BPSO,9,0.03241471264367819,0.9736551724137931,19,0.9515917056074766,0.9608792846497765,0.9515917056074766,0.9558709677419355
WDBC,BGWO,9,0.03361563218390798,0.9707586206896552,14,0.9594042056074766,0.9655223438887245,0.9594042056074766,0.9623015873015872
WDBC,GA+SI,9,0.03482850574712637,0.9702068965517242,16,0.96875,0.9819819819819819,0.96875,0.97469665581533
WDBC,HO+SI,9,0.03216850574712644,0.9708735632183908,10,0.954731308411215,0.9576719576719577,0.954731308411215,0.9561618751144478
WDBC,RL-DOHO [Q-learning],9,0.030101379310344747,0.9756551724137932,18,0.9718896028037383,0.9781740159810595,0.9718896028037383,0.9748677248677249
WDBC,RL-DOHO [random arm],9,0.03724229885057476,0.9667586206896551,13,0.954731308411215,0.9576719576719577,0.954731308411215,0.9561618751144478
WDBC,RL-DOHO [PERTURB only],9,0.03008804597701149,0.9743218390804598,14,0.9562646028037383,0.9691441441441442,0.9562646028037383,0.962044983722995
WDBC,RL-DOHO [no intervention],9,0.03747517241379315,0.9682068965517241,18,0.9609375,0.9776785714285714,0.9609375,0.9682592716338122
WDBC,RL-DOHO [κ=1],9,0.03218183908045981,0.9722068965517241,14,0.9515917056074766,0.9608792846497765,0.9515917056074766,0.9558709677419355
WDBC,RL-DOHO [κ=3],9,0.0351618390804597,0.9702068965517242,17,0.9640771028037383,0.9736214605067064,0.9640771028037383,0.968479262672811
WDBC,RL-DOHO [κ=4],9,0.03581517241379311,0.9688735632183908,15,0.9718896028037383,0.9781740159810595,0.9718896028037383,0.9748677248677249
WDBC,LASSO,9,0.033801839080459736,0.9675402298850575,5,0.9453125,0.9692982456140351,0.9453125,0.9552372760928911
WDBC,mRMR,9,0.02940804597701146,0.9729885057471265,8,0.9437792056074766,0.9563063063063063,0.9437792056074766,0.9493933116306599
WDBC,ReliefF,9,0.042508965517241364,0.9600919540229885,9,0.946918808411215,0.9528706717963895,0.946918808411215,0.9497354497354498
WDBC,All features,9,0.07019655172413794,0.9391954022988506,30,0.9609375,0.9776785714285714,0.9609375,0.9682592716338122
Hepatitis,RL-DOHO,0,0.22412848297213622,0.776797385620915,6,0.7094594594594594,0.7483974358974359,0.7094594594594594,0.7251461988304093
Hepatitis,DO,0,0.31393390092879264,0.6876797385620914,9,0.722972972972973,0.7946428571428572,0.722972972972973,0.7486631016042781
Hepatitis,HO,0,0.26474643962848293,0.7347058823529412,4,0.6094594594594595,0.6646341463414633,0.6094594594594595,0.6233974358974359
Hepatitis,DOHO,0,0.21012832817337448,0.7914705882352943,7,0.6189189189189189,0.6189189189189189,0.6189189189189189,0.6189189189189189
Hepatitis,GA,0,0.22412848297213622,0.776797385620915,6,0.7094594594594594,0.7483974358974359,0.7094594594594594,0.7251461988304093
Hepatitis,BPSO,0,0.1793756965944272,0.8214705882352942,5,0.5824324324324325,0.5977564102564102,0.5824324324324325,0.587719298245614
Hepatitis,BGWO,0,0.24481300309597528,0.7585620915032679,11,0.6094594594594595,0.6646341463414633,0.6094594594594595,0.6233974358974359
Hepatitis,GA+SI,0,0.172478173374613,0.8300326797385621,8,0.7094594594594594,0.7483974358974359,0.7094594594594594,0.7251461988304093
Hepatitis,HO+SI,0,0.25680727554179555,0.7459150326797387,10,0.6094594594594595,0.6646341463414633,0.6094594594594595,0.6233974358974359
Hepatitis,RL-DOHO [Q-learning],0,0.2509727554179567,0.7491503267973856,5,0.595945945945946,0.6267857142857143,0.595945945945946,0.6050420168067226
Hepatitis,RL-DOHO [random arm],0,0.23715170278637776,0.7647058823529411,8,0.6189189189189189,0.6189189189189189,0.6189189189189189,0.6189189189189189
Hepatitis,RL-DOHO [PERTURB only],0,0.18412523219814236,0.8182679738562092,8,0.6824324324324325,0.6824324324324325,0.6824324324324325,0.6824324324324325
Hepatitis,RL-DOHO [no intervention],0,0.31393390092879264,0.6876797385620914,9,0.722972972972973,0.7946428571428572,0.722972972972973,0.7486631016042781
Hepatitis,RL-DOHO [κ=1],0,0.19704907120743023,0.8041503267973857,6,0.6324324324324324,0.6432748538011696,0.6324324324324324,0.6371929824561404
Hepatitis,RL-DOHO [κ=3],0,0.24355758513931894,0.758235294117647,8,0.7864864864864864,0.8785714285714286,0.7864864864864864,0.8204736440030558
Hepatitis,RL-DOHO [κ=4],0,0.23786981424148615,0.7623856209150326,5,0.595945945945946,0.6267857142857143,0.595945945945946,0.6050420168067226
Hepatitis,LASSO,0,0.23117275541795668,0.7691503267973856,5,0.6094594594594595,0.6646341463414633,0.6094594594594595,0.6233974358974359
Hepatitis,mRMR,0,0.22514643962848302,0.7747058823529411,4,0.6054054054054054,0.5984848484848485,0.6054054054054054,0.6014350945857795
Hepatitis,ReliefF,0,0.2729791021671827,0.7253267973856209,2,0.5,0.39361702127659576,0.5,0.44047619047619047
Hepatitis,All features,0,0.3631970588235295,0.643235294117647,19,0.6364864864864865,0.7936046511627908,0.6364864864864865,0.6642857142857143
Hepatitis,RL-DOHO,1,0.256078173374613,0.7455882352941177,8,0.6094594594594595,0.6646341463414633,0.6094594594594595,0.6233974358974359
Hepatitis,DO,1,0.275878173374613,0.7255882352941176,8,0.522972972972973,0.5643939393939393,0.522972972972973,0.5090218423551757
Hepatitis,HO,1,0.2726862229102167,0.7314705882352941,13,0.672972972972973,0.7601626016260162,0.672972972972973,0.6987179487179487
Hepatitis,DOHO,1,0.275878173374613,0.7255882352941176,8,0.522972972972973,0.5643939393939393,0.522972972972973,0.5090218423551757
Hepatitis,GA,1,0.22960479876160989,0.771797385620915,7,0.6094594594594595,0.6646341463414633,0.6094594594594595,0.6233974358974359
Hepatitis,BPSO,1,0.24018653250773989,0.7632352941176471,11,0.572972972972973,0.6569767441860466,0.572972972972973,0.5803571428571428
Hepatitis,BGWO,1,0.2593284829721362,0.7412418300653595,6,0.5689189189189189,0.5745614035087719,0.5689189189189189,0.5712280701754386
Hepatitis,GA+SI,1,0.22960479876160989,0.771797385620915,7,0.6094594594594595,0.6646341463414633,0.6094594594594595,0.6233974358974359
Hepatitis,HO+SI,1,0.24265170278637763,0.7591503267973857,8,0.672972972972973,0.7601626016260162,0.672972972972973,0.6987179487179487
Hepatitis,RL-DOHO [Q-learning],1,0.275878173374613,0.7255882352941176,8,0.522972972972973,0.5643939393939393,0.522972972972973,0.5090218423551757
Hepatitis,RL-DOHO [random arm],1,0.2536366873065015,0.7491176470588236,10,0.722972972972973,0.7946428571428572,0.722972972972973,0.7486631016042781
Hepatitis,RL-DOHO [PERTURB only],1,0.23313126934984513,0.7682352941176471,7,0.6594594594594595,0.7107142857142856,0.6594594594594595,0.6768525592055004
Hepatitis,RL-DOHO [no intervention],1,0.275878173374613,0.7255882352941176,8,0.522972972972973,0.5643939393939393,0.522972972972973,0.5090218423551757
Hepatitis,RL-DOHO [κ=1],1,0.21015201238390088,0.7909150326797386,6,0.7959459459459459,0.7765151515151515,0.7959459459459459,0.7853881278538812
Hepatitis,RL-DOHO [κ=3],1,0.27500464396284835,0.7264705882352941,8,0.595945945945946,0.6267857142857143,0.595945945945946,0.6050420168067226
Hepatitis,RL-DOHO [κ=4],1,0.275878173374613,0.7255882352941176,8,0.522972972972973,0.5643939393939393,0.522972972972973,0.5090218423551757
Hepatitis,LASSO,1,0.2647811145510835,0.7367973856209151,8,0.6229729729729729,0.7166666666666667,0.6229729729729729,0.6430379746835443
Hepatitis,mRMR,1,0.2697074303405572,0.7323529411764707,9,0.645945945945946,0.6730769230769231,0.645945945945946,0.6564327485380117
Hepatitis,ReliefF,1,0.30005851393188865,0.6979738562091502,2,0.5918918918918918,0.580952380952381,0.5918918918918918,0.5845959595959596
Hepatitis,All features,1,0.4086205882352942,0.5973529411764705,19,0.7594594594594595,0.7807017543859649,0.7594594594594595,0.7691228070175438
Hepatitis,RL-DOHO,2,0.1696444272445821,0.8376797385620914,17,0.5824324324324325,0.5977564102564102,0.5824324324324325,0.587719298245614
Hepatitis,DO,2,0.20605185758513925,0.7955882352941177,7,0.6094594594594595,0.6646341463414633,0.6094594594594595,0.6233974358974359
Hepatitis,HO,2,0.17017074303405577,0.8376797385620914,18,0.5324324324324324,0.5428571428571429,0.5324324324324324,0.533231474407945
Hepatitis,DOHO,2,0.17017074303405577,0.8376797385620914,18,0.5324324324324324,0.5428571428571429,0.5324324324324324,0.533231474407945
Hepatitis,GA,2,0.14945154798761603,0.8538235294117648,9,0.5689189189189189,0.5745614035087719,0.5689189189189189,0.5712280701754386
Hepatitis,BPSO,2,0.13076021671826618,0.8732352941176471,10,0.5824324324324325,0.5977564102564102,0.5824324324324325,0.587719298245614
Hepatitis,BGWO,2,0.18540201238390086,0.8159150326797386,6,0.6189189189189189,0.6189189189189189,0.6189189189189189,0.6189189189189189
Hepatitis,GA+SI,2,0.1408283281733745,0.8614705882352942,7,0.595945945945946,0.6267857142857143,0.595945945945946,0.6050420168067226
Hepatitis,HO+SI,2,0.17017074303405577,0.8376797385620914,18,0.5324324324324324,0.5428571428571429,0.5324324324324324,0.533231474407945
Hepatitis,RL-DOHO [Q-learning],2,0.17017074303405577,0.8376797385620914,18,0.5324324324324324,0.5428571428571429,0.5324324324324324,0.533231474407945
Hepatitis,RL-DOHO [random arm],2,0.1696444272445821,0.8376797385620914,17,0.5824324324324325,0.5977564102564102,0.5824324324324325,0.587719298245614
Hepatitis,RL-DOHO [PERTURB only],2,0.1408283281733745,0.8614705882352942,7,0.595945945945946,0.6267857142857143,0.595945945945946,0.6050420168067226
Hepatitis,RL-DOHO [no intervention],2,0.20605185758513925,0.7955882352941177,7,0.6094594594594595,0.6646341463414633,0.6094594594594595,0.6233974358974359
Hepatitis,RL-DOHO [κ=1],2,0.1696444272445821,0.8376797385620914,17,0.5824324324324325,0.5977564102564102,0.5824324324324325,0.587719298245614
Hepatitis,RL-DOHO [κ=3],2,0.18309458204334364,0.823562091503268,16,0.5689189189189189,0.5745614035087719,0.5689189189189189,0.5712280701754386
Hepatitis,RL-DOHO [κ=4],2,0.17017074303405577,0.8376797385620914,18,0.5324324324324324,0.5428571428571429,0.5324324324324324,0.533231474407945
Hepatitis,LASSO,2,0.1846735294117647,0.823562091503268,19,0.5824324324324325,0.5977564102564102,0.5824324324324325,0.587719298245614
Hepatitis,mRMR,2,0.1846735294117647,0.823562091503268,19,0.5824324324324325,0.5977564102564102,0.5824324324324325,0.587719298245614
Hepatitis,ReliefF,2,0.1846735294117647,0.823562091503268,19,0.5824324324324325,0.5977564102564102,0.5824324324324325,0.587719298245614
Hepatitis,All features,2,0.1846735294117647,0.823562091503268,19,0.5824324324324325,0.5977564102564102,0.5824324324324325,0.587719298245614
Hepatitis,RL-DOHO,3,0.20647879256965948,0.793562091503268,4,0.6094594594594595,0.6646341463414633,0.6094594594594595,0.6233974358974359
Hepatitis,DO,3,0.213107120743034,0.7905882352941177,11,0.645945945945946,0.6730769230769231,0.645945945945946,0.6564327485380117
Hepatitis,HO,3,0.20647012383900912,0.7930392156862747,3,0.5689189189189189,0.5745614035087719,0.5689189189189189,0.5712280701754386
Hepatitis,DOHO,3,0.18560479876160982,0.8162418300653596,7,0.6594594594594595,0.7107142857142856,0.6594594594594595,0.6768525592055004
Hepatitis,GA,3,0.16612832817337464,0.8359150326797385,7,0.595945945945946,0.6267857142857143,0.595945945945946,0.6050420168067226
Hepatitis,BPSO,3,0.16612832817337464,0.8359150326797385,7,0.595945945945946,0.6267857142857143,0.595945945945946,0.6050420168067226
Hepatitis,BGWO,3,0.16612832817337464,0.8359150326797385,7,0.595945945945946,0.6267857142857143,0.595945945945946,0.6050420168067226
Hepatitis,GA+SI,3,0.16612832817337464,0.8359150326797385,7,0.595945945945946,0.6267857142857143,0.595945945945946,0.6050420168067226
Hepatitis,HO+SI,3,0.167180959752322,0.8359150326797385,9,0.6094594594594595,0.6646341463414633,0.6094594594594595,0.6233974358974359
Hepatitis,RL-DOHO [Q-learning],3,0.1763865325077398,0.8276797385620916,11,0.672972972972973,0.7601626016260162,0.672972972972973,0.6987179487179487
Hepatitis,RL-DOHO [random arm],3,0.1869809597523219,0.8159150326797386,9,0.6229729729729729,0.7166666666666667,0.6229729729729729,0.6430379746835443
Hepatitis,RL-DOHO [PERTURB only],3,0.17460479876160986,0.8273529411764706,7,0.6824324324324325,0.6824324324324325,0.6824324324324325,0.6824324324324325
Hepatitis,RL-DOHO [no intervention],3,0.213107120743034,0.7905882352941177,11,0.645945945945946,0.6730769230769231,0.645945945945946,0.6564327485380117
Hepatitis,RL-DOHO [κ=1],3,0.17375495356037138,0.8276797385620916,6,0.672972972972973,0.7601626016260162,0.672972972972973,0.6987179487179487
Hepatitis,RL-DOHO [κ=3],3,0.18289349845201244,0.8173856209150326,4,0.5689189189189189,0.5745614035087719,0.5689189189189189,0.5712280701754386
Hepatitis,RL-DOHO [κ=4],3,0.18750727554179558,0.8159150326797386,10,0.645945945945946,0.6730769230769231,0.645945945945946,0.6564327485380117
Hepatitis,LASSO,3,0.1988284829721362,0.8023529411764706,6,0.6189189189189189,0.6189189189189189,0.6189189189189189,0.6189189189189189
Hepatitis,mRMR,3,0.2373758513931889,0.7623529411764706,4,0.6364864864864865,0.7936046511627908,0.6364864864864865,0.6642857142857143
Hepatitis,ReliefF,3,0.2207464396284829,0.7791503267973857,4,0.6689189189189189,0.6578282828282829,0.6689189189189189,0.6627527723418134
Hepatitis,All features,3,0.25022058823529403,0.7573529411764707,19,0.672972972972973,0.7601626016260162,0.672972972972973,0.6987179487179487
Hepatitis,RL-DOHO,4,0.20047848297213613,0.800686274509804,6,0.572972972972973,0.6569767441860466,0.572972972972973,0.5803571428571428
Hepatitis,DO,4,0.26606021671826624,0.7365686274509804,10,0.7094594594594594,0.7483974358974359,0.7094594594594594,0.7251461988304093
Hepatitis,HO,4,0.2145756965944271,0.7859150326797387,5,0.5594594594594595,0.6047619047619048,0.5594594594594595,0.5637130801687764
Hepatitis,DOHO,4,0.23072848297213625,0.7701307189542483,6,0.6,0.9111111111111111,0.6,0.6178861788617886
Hepatitis,GA,4,0.23071578947368412,0.7733333333333334,12,0.7824324324324324,0.7488095238095238,0.7824324324324324,0.7626262626262625
Hepatitis,BPSO,4,0.2184603715170278,0.7841176470588236,9,0.5364864864864866,0.65,0.5364864864864866,0.5223577235772358
Hepatitis,BGWO,4,0.22471315789473684,0.7783333333333333,10,0.7959459459459459,0.7765151515151515,0.7959459459459459,0.7853881278538812
Hepatitis,GA+SI,4,0.1818992260061919,0.818921568627451,5,0.6418918918918919,0.6187782805429864,0.6418918918918919,0.6258420085731782
Hepatitis,HO+SI,4,0.20909938080495352,0.7909150326797386,4,0.6324324324324324,0.6432748538011696,0.6324324324324324,0.6371929824561404
Hepatitis,RL-DOHO [Q-learning],4,0.2573682662538699,0.7480065359477125,15,0.6594594594594595,0.7107142857142856,0.6594594594594595,0.6768525592055004
Hepatitis,RL-DOHO [random arm],4,0.2139049535603715,0.787124183006536,6,0.65,0.9204545454545454,0.65,0.6875593542260209
Hepatitis,RL-DOHO [PERTURB only],4,0.1965574303405572,0.8062418300653595,9,0.6594594594594595,0.7107142857142856,0.6594594594594595,0.6768525592055004
Hepatitis,RL-DOHO [no intervention],4,0.26606021671826624,0.7365686274509804,10,0.7094594594594594,0.7483974358974359,0.7094594594594594,0.7251461988304093
Hepatitis,RL-DOHO [κ=1],4,0.20258374613003086,0.800686274509804,10,0.6959459459459459,0.7119883040935673,0.6959459459459459,0.7031578947368421
Hepatitis,RL-DOHO [κ=3],4,0.20047848297213613,0.800686274509804,6,0.572972972972973,0.6569767441860466,0.572972972972973,0.5803571428571428
Hepatitis,RL-DOHO [κ=4],4,0.22135479876160982,0.7801307189542485,7,0.6324324324324324,0.6432748538011696,0.6324324324324324,0.6371929824561404
Hepatitis,LASSO,4,0.27927352941176475,0.7280065359477124,19,0.6594594594594595,0.7107142857142856,0.6594594594594595,0.6768525592055004
Hepatitis,mRMR,4,0.27439396284829726,0.7233660130718954,1,0.4554054054054054,0.44711538461538464,0.4554054054054054,0.45029239766081874
Hepatitis,ReliefF,4,0.2732472136222911,0.7335620915032679,18,0.6594594594594595,0.7107142857142856,0.6594594594594595,0.6768525592055004
Hepatitis,All features,4,0.27927352941176475,0.7280065359477124,19,0.6594594594594595,0.7107142857142856,0.6594594594594595,0.6768525592055004
Hepatitis,RL-DOHO,5,0.19617554179566565,0.8050326797385621,6,0.645945945945946,0.6730769230769231,0.645945945945946,0.6564327485380117
Hepatitis,DO,5,0.2875835913312693,0.715359477124183,11,0.6959459459459459,0.7119883040935673,0.6959459459459459,0.7031578947368421
Hepatitis,HO,5,0.18663374613003078,0.8167973856209152,10,0.7459459459459459,0.7459459459459459,0.7459459459459459,0.7459459459459459
Hepatitis,DOHO,5,0.18663374613003078,0.8167973856209152,10,0.7459459459459459,0.7459459459459459,0.7459459459459459,0.7459459459459459
Hepatitis,GA,5,0.19373405572755417,0.808562091503268,8,0.6594594594594595,0.7107142857142856,0.6594594594594595,0.6768525592055004
Hepatitis,BPSO,5,0.19087832817337444,0.8109150326797387,7,0.7459459459459459,0.7459459459459459,0.7459459459459459,0.7459459459459459
Hepatitis,BGWO,5,0.22410712074303407,0.7794771241830065,11,0.7594594594594595,0.7807017543859649,0.7594594594594595,0.7691228070175438
Hepatitis,GA+SI,5,0.19373405572755417,0.808562091503268,8,0.6594594594594595,0.7107142857142856,0.6594594594594595,0.6768525592055004
Hepatitis,HO+SI,5,0.1861074303405571,0.8167973856209152,9,0.6094594594594595,0.6646341463414633,0.6094594594594595,0.6233974358974359
Hepatitis,RL-DOHO [Q-learning],5,0.19087832817337444,0.8109150326797387,7,0.7459459459459459,0.7459459459459459,0.7459459459459459,0.7459459459459459
Hepatitis,RL-DOHO [random arm],5,0.18505479876160974,0.8167973856209152,7,0.6689189189189189,0.6578282828282829,0.6689189189189189,0.6627527723418134
Hepatitis,RL-DOHO [PERTURB only],5,0.17902848297213608,0.8223529411764707,6,0.6824324324324325,0.6824324324324325,0.6824324324324325,0.6824324324324325
Hepatitis,RL-DOHO [no intervention],5,0.2875835913312693,0.715359477124183,11,0.6959459459459459,0.7119883040935673,0.6959459459459459,0.7031578947368421
Hepatitis,RL-DOHO [κ=1],5,0.21743142414860683,0.7835620915032679,6,0.6094594594594595,0.6646341463414633,0.6094594594594595,0.6233974358974359
Hepatitis,RL-DOHO [κ=3],5,0.2077105263157894,0.7944444444444445,8,0.6594594594594595,0.7107142857142856,0.6594594594594595,0.6768525592055004
Hepatitis,RL-DOHO [κ=4],5,0.23153095975232194,0.7709150326797386,9,0.7459459459459459,0.7459459459459459,0.7459459459459459,0.7459459459459459
Hepatitis,LASSO,5,0.26263080495356045,0.740032679738562,10,0.7824324324324324,0.7488095238095238,0.7824324324324324,0.7626262626262625
Hepatitis,mRMR,5,0.2972917956656347,0.7076797385620915,15,0.6229729729729729,0.7166666666666667,0.6229729729729729,0.6430379746835443
Hepatitis,ReliefF,5,0.27025743034055727,0.731797385620915,9,0.572972972972973,0.6569767441860466,0.572972972972973,0.5803571428571428
Hepatitis,All features,5,0.32007058823529405,0.6867973856209151,19,0.6229729729729729,0.7166666666666667,0.6229729729729729,0.6430379746835443
Hepatitis,RL-DOHO,6,0.2601783281733746,0.7409150326797386,7,0.6229729729729729,0.7166666666666667,0.6229729729729729,0.6430379746835443
Hepatitis,DO,6,0.3169017027863777,0.6841503267973856,8,0.7364864864864865,0.8556910569105691,0.7364864864864865,0.7740384615384616
Hepatitis,HO,6,0.24756702786377696,0.7520588235294119,4,0.7959459459459459,0.7765151515151515,0.7959459459459459,0.7853881278538812
Hepatitis,DOHO,6,0.27522012383900935,0.72359477124183,3,0.768918918918919,0.7251131221719457,0.768918918918919,0.7409675443968157
Hepatitis,GA,6,0.26790433436532507,0.7347058823529412,10,0.7594594594594595,0.7807017543859649,0.7594594594594595,0.7691228070175438
Hepatitis,BPSO,6,0.27255448916408676,0.7294771241830065,9,0.645945945945946,0.6730769230769231,0.645945945945946,0.6564327485380117
Hepatitis,BGWO,6,0.26885758513931884,0.7326797385620916,8,0.7,0.9302325581395349,0.7,0.7482142857142857
Hepatitis,GA+SI,6,0.24125185758513926,0.7600326797385621,7,0.7324324324324325,0.7171717171717171,0.7324324324324325,0.7240704500978473
Hepatitis,HO+SI,6,0.24756702786377696,0.7520588235294119,4,0.7959459459459459,0.7765151515151515,0.7959459459459459,0.7853881278538812
Hepatitis,RL-DOHO [Q-learning],6,0.24850758513931895,0.753235294117647,8,0.7364864864864865,0.8556910569105691,0.7364864864864865,0.7740384615384616
Hepatitis,RL-DOHO [random arm],6,0.27927291021671824,0.7200326797385621,4,0.6094594594594595,0.6646341463414633,0.6094594594594595,0.6233974358974359
Hepatitis,RL-DOHO [PERTURB only],6,0.2541520123839009,0.7464705882352941,6,0.672972972972973,0.7601626016260162,0.672972972972973,0.6987179487179487
Hepatitis,RL-DOHO [no intervention],6,0.3169017027863777,0.6841503267973856,8,0.7364864864864865,0.8556910569105691,0.7364864864864865,0.7740384615384616
Hepatitis,RL-DOHO [κ=1],6,0.2601783281733746,0.7409150326797386,7,0.6229729729729729,0.7166666666666667,0.6229729729729729,0.6430379746835443
Hepatitis,RL-DOHO [κ=3],6,0.26052554179566567,0.740032679738562,6,0.6364864864864865,0.7936046511627908,0.6364864864864865,0.6642857142857143
Hepatitis,RL-DOHO [κ=4],6,0.24850758513931895,0.753235294117647,8,0.7364864864864865,0.8556910569105691,0.7364864864864865,0.7740384615384616
Hepatitis,LASSO,6,0.3287965944272445,0.6694771241830066,3,0.6959459459459459,0.7119883040935673,0.6959459459459459,0.7031578947368421
Hepatitis,mRMR,6,0.3047520123839009,0.695359477124183,6,0.7594594594594595,0.7807017543859649,0.7594594594594595,0.7691228070175438
Hepatitis,ReliefF,6,0.3363544891640867,0.6650326797385621,9,0.6094594594594595,0.6646341463414633,0.6094594594594595,0.6233974358974359
Hepatitis,All features,6,0.4013411764705882,0.6047058823529412,19,0.6864864864864866,0.8285714285714285,0.6864864864864866,0.7223628691983122
Hepatitis,RL-DOHO,7,0.1578199690402476,0.8427124183006537,4,0.5324324324324324,0.5428571428571429,0.5324324324324324,0.533231474407945
Hepatitis,DO,7,0.23630185758513936,0.765032679738562,7,0.6364864864864865,0.7936046511627908,0.6364864864864865,0.6642857142857143
Hepatitis,HO,7,0.2268934984520124,0.7729411764705882,4,0.572972972972973,0.6569767441860466,0.572972972972973,0.5803571428571428
Hepatitis,DOHO,7,0.2268934984520124,0.7729411764705882,4,0.572972972972973,0.6569767441860466,0.572972972972973,0.5803571428571428
Hepatitis,GA,7,0.1320046439628484,0.8709150326797385,8,0.5864864864864865,0.7424242424242424,0.5864864864864865,0.5982905982905983
Hepatitis,BPSO,7,0.16097554179566564,0.8405882352941176,6,0.5689189189189189,0.5745614035087719,0.5689189189189189,0.5712280701754386
Hepatitis,BGWO,7,0.22640185758513937,0.775032679738562,7,0.6864864864864866,0.8285714285714285,0.6864864864864866,0.7223628691983122
Hepatitis,GA+SI,7,0.20162817337461306,0.8005882352941176,8,0.6094594594594595,0.6646341463414633,0.6094594594594595,0.6233974358974359
Hepatitis,HO+SI,7,0.17972291021671818,0.8205882352941177,4,0.4689189189189189,0.45892857142857146,0.4689189189189189,0.46142093200916734
Hepatitis,RL-DOHO [Q-learning],7,0.23295216718266257,0.7673529411764706,5,0.5324324324324324,0.5428571428571429,0.5324324324324324,0.533231474407945
Hepatitis,RL-DOHO [random arm],7,0.21122600619195037,0.7882352941176471,3,0.522972972972973,0.5643939393939393,0.522972972972973,0.5090218423551757
Hepatitis,RL-DOHO [PERTURB only],7,0.1818281733746129,0.8205882352941177,8,0.572972972972973,0.6569767441860466,0.572972972972973,0.5803571428571428
Hepatitis,RL-DOHO [no intervention],7,0.23630185758513936,0.765032679738562,7,0.6364864864864865,0.7936046511627908,0.6364864864864865,0.6642857142857143
Hepatitis,RL-DOHO [κ=1],7,0.21207817337461302,0.7900326797385621,8,0.5864864864864865,0.7424242424242424,0.5864864864864865,0.5982905982905983
Hepatitis,RL-DOHO [κ=3],7,0.16345170278637766,0.8391503267973857,8,0.595945945945946,0.6267857142857143,0.595945945945946,0.6050420168067226
Hepatitis,RL-DOHO [κ=4],7,0.21207817337461302,0.7900326797385621,8,0.5864864864864865,0.7424242424242424,0.5864864864864865,0.5982905982905983
Hepatitis,LASSO,7,0.24951517027863776,0.7564705882352941,16,0.6229729729729729,0.7166666666666667,0.6229729729729729,0.6430379746835443
Hepatitis,mRMR,7,0.22252585139318887,0.7773529411764706,4,0.522972972972973,0.5643939393939393,0.522972972972973,0.5090218423551757
Hepatitis,ReliefF,7,0.2391465944272445,0.7600326797385621,3,0.5824324324324325,0.5977564102564102,0.5824324324324325,0.587719298245614
Hepatitis,All features,7,0.3748441176470588,0.6314705882352941,19,0.6,0.9111111111111111,0.6,0.6178861788617886
Hepatitis,RL-DOHO,8,0.21574040247678017,0.7847385620915033,5,0.772972972972973,0.8237179487179487,0.772972972972973,0.7938596491228069
Hepatitis,DO,8,0.2921517027863778,0.7091503267973855,8,0.6229729729729729,0.7166666666666667,0.6229729729729729,0.6430379746835443
Hepatitis,HO,8,0.220543653250774,0.7788235294117647,3,0.6324324324324324,0.6432748538011696,0.6324324324324324,0.6371929824561404
Hepatitis,DOHO,8,0.22762260061919493,0.7732679738562093,6,0.6959459459459459,0.7119883040935673,0.6959459459459459,0.7031578947368421
Hepatitis,GA,8,0.2161199690402477,0.7838235294117647,4,0.7189189189189189,0.6928571428571428,0.7189189189189189,0.7032828282828283
Hepatitis,BPSO,8,0.16732538699690402,0.8347058823529412,7,0.7459459459459459,0.7459459459459459,0.7459459459459459,0.7459459459459459
Hepatitis,BGWO,8,0.20359938080495354,0.7964705882352942,4,0.7364864864864865,0.8556910569105691,0.7364864864864865,0.7740384615384616
Hepatitis,GA+SI,8,0.21152817337461294,0.7905882352941177,8,0.6229729729729729,0.7166666666666667,0.6229729729729729,0.6430379746835443
Hepatitis,HO+SI,8,0.2089075851393189,0.793235294117647,8,0.722972972972973,0.7946428571428572,0.722972972972973,0.7486631016042781
Hepatitis,RL-DOHO [Q-learning],8,0.21718359133126933,0.7864705882352941,11,0.722972972972973,0.7946428571428572,0.722972972972973,0.7486631016042781
Hepatitis,RL-DOHO [random arm],8,0.18909891640866866,0.8127124183006537,7,0.6094594594594595,0.6646341463414633,0.6094594594594595,0.6233974358974359
Hepatitis,RL-DOHO [PERTURB only],8,0.19102275541795657,0.8097058823529413,5,0.6594594594594595,0.7107142857142856,0.6594594594594595,0.6768525592055004
Hepatitis,RL-DOHO [no intervention],8,0.2921517027863778,0.7091503267973855,8,0.6229729729729729,0.7166666666666667,0.6229729729729729,0.6430379746835443
Hepatitis,RL-DOHO [κ=1],8,0.17642291021671824,0.823921568627451,4,0.6554054054054055,0.6369047619047619,0.6554054054054055,0.6439393939393939
Hepatitis,RL-DOHO [κ=3],8,0.12245185758513938,0.880032679738562,7,0.7594594594594595,0.7807017543859649,0.7594594594594595,0.7691228070175438
Hepatitis,RL-DOHO [κ=4],8,0.25610185758513926,0.7450326797385621,7,0.722972972972973,0.7946428571428572,0.722972972972973,0.7486631016042781
Hepatitis,LASSO,8,0.27770495356037145,0.7226797385620916,6,0.6054054054054054,0.5984848484848485,0.6054054054054054,0.6014350945857795
Hepatitis,mRMR,8,0.2544651702786377,0.7514705882352942,16,0.7594594594594595,0.7807017543859649,0.7594594594594595,0.7691228070175438
Hepatitis,ReliefF,8,0.3107072755417956,0.6914705882352942,10,0.6229729729729729,0.7166666666666667,0.6229729729729729,0.6430379746835443
Hepatitis,All features,8,0.349220588235294,0.6573529411764707,19,0.7094594594594594,0.7483974358974359,0.7094594594594594,0.7251461988304093
Hepatitis,RL-DOHO,9,0.20607554179566567,0.7950326797385621,6,0.7594594594594595,0.7807017543859649,0.7594594594594595,0.7691228070175438
Hepatitis,DO,9,0.2803365325077399,0.7226797385620916,11,0.5594594594594595,0.6047619047619048,0.5594594594594595,0.5637130801687764
Hepatitis,HO,9,0.20413668730650159,0.7991176470588235,10,0.522972972972973,0.5643939393939393,0.522972972972973,0.5090218423551757
Hepatitis,DOHO,9,0.2009787925696595,0.7991176470588235,4,0.6189189189189189,0.6189189189189189,0.6189189189189189,0.6189189189189189
Hepatitis,GA,9,0.16967848297213628,0.831797385620915,6,0.6418918918918919,0.6187782805429864,0.6418918918918919,0.6258420085731782
Hepatitis,BPSO,9,0.16562569659442725,0.835359477124183,5,0.595945945945946,0.6267857142857143,0.595945945945946,0.6050420168067226
Hepatitis,BGWO,9,0.2025363777089783,0.8017973856209151,12,0.572972972972973,0.6569767441860466,0.572972972972973,0.5803571428571428
Hepatitis,GA+SI,9,0.16772863777089783,0.8332352941176471,5,0.5594594594594595,0.6047619047619048,0.5594594594594595,0.5637130801687764
Hepatitis,HO+SI,9,0.18787585139318896,0.8123529411764705,4,0.5459459459459459,0.5691056910569106,0.5459459459459459,0.5480769230769231
Hepatitis,RL-DOHO [Q-learning],9,0.17000201238390097,0.8314705882352941,6,0.5594594594594595,0.6047619047619048,0.5594594594594595,0.5637130801687764
Hepatitis,RL-DOHO [random arm],9,0.2117419504643963,0.793562091503268,14,0.5459459459459459,0.5691056910569106,0.5459459459459459,0.5480769230769231
Hepatitis,RL-DOHO [PERTURB only],9,0.17232275541795672,0.82859477124183,5,0.6959459459459459,0.7119883040935673,0.6959459459459459,0.7031578947368421
Hepatitis,RL-DOHO [no intervention],9,0.2803365325077399,0.7226797385620916,11,0.5594594594594595,0.6047619047619048,0.5594594594594595,0.5637130801687764
Hepatitis,RL-DOHO [κ=1],9,0.15430216718266257,0.846797385620915,5,0.595945945945946,0.6267857142857143,0.595945945945946,0.6050420168067226
Hepatitis,RL-DOHO [κ=3],9,0.18892848297213632,0.8123529411764705,6,0.6229729729729729,0.7166666666666667,0.6229729729729729,0.6430379746835443
Hepatitis,RL-DOHO [κ=4],9,0.17388900928792575,0.831797385620915,14,0.6229729729729729,0.7166666666666667,0.6229729729729729,0.6430379746835443
Hepatitis,LASSO,9,0.21739674922600616,0.7814705882352941,2,0.5594594594594595,0.6047619047619048,0.5594594594594595,0.5637130801687764
Hepatitis,mRMR,9,0.24342585139318884,0.7562418300653595,4,0.645945945945946,0.6730769230769231,0.645945945945946,0.6564327485380117
Hepatitis,ReliefF,9,0.22852848297213613,0.7723529411764707,6,0.595945945945946,0.6267857142857143,0.595945945945946,0.6050420168067226
Hepatitis,All features,9,0.2993970588235294,0.7076797385620915,19,0.6364864864864865,0.7936046511627908,0.6364864864864865,0.6642857142857143
Dermatology,RL-DOHO,0,0.03364688375350133,0.9704695767195768,15,0.9467815408991879,0.9421716054842989,0.9467815408991879,0.943455900319163
Dermatology,DO,0,0.07149551820728296,0.934021164021164,21,0.9747276688453158,0.9713450292397661,0.9747276688453158,0.9728878131863207
Dermatology,HO,0,0.0395355392156862,0.9668981481481482,23,0.961764705882353,0.9696969696969697,0.961764705882353,0.9623272526257601
Dermatology,DOHO,0,0.038946778711484734,0.967195767195767,22,0.9506535947712419,0.9637681159420289,0.9506535947712419,0.9515462089178871
Dermatology,GA,0,0.02028921568627438,0.9842592592592594,16,0.9450980392156864,0.9696969696969697,0.9450980392156864,0.9537894940880016
Dermatology,BPSO,0,0.020878501400560204,0.9836640211640212,16,0.961764705882353,0.9696969696969697,0.961764705882353,0.9623272526257601
Dermatology,BGWO,0,0.020877450980392027,0.9842592592592594,18,0.9450980392156864,0.9696969696969697,0.9450980392156864,0.9537894940880016
Dermatology,GA+SI,0,0.02029131652661062,0.9830687830687831,12,0.961764705882353,0.9696969696969697,0.961764705882353,0.9623272526257601
Dermatology,HO+SI,0,0.040621673669467694,0.9625330687830689,12,0.9555555555555556,0.9696969696969697,0.9555555555555556,0.9576923076923077
Dermatology,RL-DOHO [Q-learning],0,0.031092787114845883,0.9733465608465609,16,0.9462962962962963,0.9543650793650794,0.9462962962962963,0.9477682811016145
Dermatology,RL-DOHO [random arm],0,0.025592787114845902,0.9789021164021164,16,0.961764705882353,0.9696969696969697,0.961764705882353,0.9623272526257601
Dermatology,RL-DOHO [PERTURB only],0,0.03226638655462195,0.9712698412698412,13,0.9068627450980392,0.9421717171717172,0.9068627450980392,0.9168241377196601
Dermatology,RL-DOHO [no intervention],0,0.07149551820728296,0.934021164021164,21,0.9747276688453158,0.9713450292397661,0.9747276688453158,0.9728878131863207
Dermatology,RL-DOHO [κ=1],0,0.030142857142857273,0.9746031746031745,17,0.9506535947712419,0.9637681159420289,0.9506535947712419,0.9515462089178871
Dermatology,RL-DOHO [κ=3],0,0.02133788515406164,0.9826058201058201,14,0.9506535947712419,0.9637681159420289,0.9506535947712419,0.9515462089178871
Dermatology,RL-DOHO [κ=4],0,0.03747619047619039,0.9671957671957673,17,0.9555555555555556,0.9696969696969697,0.9555555555555556,0.9576923076923077
Dermatology,LASSO,0,0.025592787114845902,0.9789021164021164,16,0.961764705882353,0.9696969696969697,0.961764705882353,0.9623272526257601
Dermatology,mRMR,0,0.04336274509803913,0.9648148148148149,29,0.9666666666666667,0.9761904761904763,0.9666666666666667,0.9686609686609687
Dermatology,ReliefF,0,0.04424509803921582,0.9648148148148147,32,0.9636165577342047,0.9630952380952381,0.9636165577342047,0.9627271988514776
Dermatology,All features,0,0.0876285714285715,0.9215873015873015,34,0.9432461873638345,0.9428571428571427,0.9432461873638345,0.942461016153353
Dermatology,RL-DOHO,1,0.022219187675070043,0.9832010582010582,19,0.924074074074074,0.9450292397660819,0.924074074074074,0.9301841948900772
Dermatology,DO,1,0.05243042717086823,0.9523875661375663,18,0.8833333333333334,0.9225511695906433,0.8833333333333334,0.8971423035939164
Dermatology,HO,1,0.025483823529411784,0.9813888888888889,24,0.9425925925925925,0.9646008403361345,0.9425925925925925,0.952018279367508
Dermatology,DOHO,1,0.02866281512605046,0.9799603174603174,30,0.9518518518518518,0.9518518518518518,0.9518518518518518,0.9494949494949495
Dermatology,GA,1,0.00912605042016805,0.9952380952380953,15,0.938888888888889,0.9411663216011042,0.938888888888889,0.9397828863346106
Dermatology,BPSO,1,0.016030637254902107,0.9900462962962961,21,0.8876906318082788,0.9032738095238096,0.8876906318082788,0.8906000803914883
Dermatology,BGWO,1,0.01887990196078434,0.986574074074074,19,0.9407407407407407,0.9399509803921569,0.9407407407407407,0.9393382352941176
Dermatology,GA+SI,1,0.00912605042016805,0.9952380952380953,15,0.938888888888889,0.9411663216011042,0.938888888888889,0.9397828863346106
Dermatology,HO+SI,1,0.012791666666666712,0.9921296296296296,17,0.9481481481481482,0.9498746867167919,0.9481481481481482,0.9487418452935694
Dermatology,RL-DOHO [Q-learning],1,0.021172619047619027,0.9836640211640212,17,0.8944444444444445,0.9338001867413631,0.8944444444444445,0.9078027950310559
Dermatology,RL-DOHO [random arm],1,0.01868347338935577,0.9867724867724867,19,0.9814814814814815,0.9803921568627452,0.9814814814814815,0.979779411764706
Dermatology,RL-DOHO [PERTURB only],1,0.012956932773109322,0.9910714285714285,14,0.9127946127946127,0.9355889724310776,0.9127946127946127,0.9227012010631829
Dermatology,RL-DOHO [no intervention],1,0.05243042717086823,0.9523875661375663,18,0.8833333333333334,0.9225511695906433,0.8833333333333334,0.8971423035939164
Dermatology,RL-DOHO [κ=1],1,0.018682422969187703,0.9873677248677248,21,0.924074074074074,0.947089947089947,0.924074074074074,0.9319279754062363
Dermatology,RL-DOHO [κ=3],1,0.01904516806722684,0.9855158730158731,16,0.9222222222222222,0.9409722222222223,0.9222222222222222,0.9301889866405996
Dermatology,RL-DOHO [κ=4],1,0.022643207282913143,0.9836640211640212,22,0.9407407407407407,0.9399509803921569,0.9407407407407407,0.9393382352941176
Dermatology,LASSO,1,0.02582195378151253,0.978670634920635,16,0.9481481481481482,0.9498746867167919,0.9481481481481482,0.9487418452935694
Dermatology,mRMR,1,0.03724124649859941,0.9707010582010582,28,0.9592592592592593,0.9592592592592593,0.9592592592592593,0.9592592592592593
Dermatology,ReliefF,1,0.029415266106442652,0.9794973544973544,31,0.9518518518518518,0.9518518518518518,0.9518518518518518,0.9494949494949495
Dermatology,All features,1,0.04083928571428572,0.9688492063492063,34,0.9407407407407407,0.9399509803921569,0.9407407407407407,0.9393382352941176
Dermatology,RL-DOHO,2,0.028015406162464868,0.9764550264550266,16,0.9301148742325213,0.9444444444444443,0.9301148742325213,0.9347139098961383
Dermatology,DO,2,0.05371376050420162,0.9510912698412699,18,0.9424242424242424,0.9464285714285715,0.9424242424242424,0.9399216127363682
Dermatology,HO,2,0.022808473389355755,0.9826058201058201,19,0.9703703703703703,0.9693627450980392,0.9703703703703703,0.9695852534562212
Dermatology,DOHO,2,0.02208823529411759,0.9833333333333334,19,0.9500000000000001,0.9491421568627452,0.9500000000000001,0.9493087557603687
Dermatology,GA,2,0.013085784313725535,0.9921296296296296,18,0.9703703703703703,0.9693627450980392,0.9703703703703703,0.9695852534562212
Dermatology,BPSO,2,0.022183823529411822,0.9847222222222222,24,0.9611111111111111,0.9601715686274509,0.9611111111111111,0.9595588235294118
Dermatology,BGWO,2,0.014262254901960831,0.9921296296296296,22,0.9611111111111111,0.9601715686274509,0.9611111111111111,0.9595588235294118
Dermatology,GA+SI,2,0.009843137254902021,0.9962962962962962,21,0.9611111111111111,0.9601715686274509,0.9611111111111111,0.9595588235294118
Dermatology,HO+SI,2,0.023100490196078557,0.9837962962962962,24,0.9611111111111111,0.9601715686274509,0.9611111111111111,0.9595588235294118
Dermatology,RL-DOHO [Q-learning],2,0.020155637254901874,0.9858796296296297,21,0.9611111111111111,0.9601715686274509,0.9611111111111111,0.9595588235294118
Dermatology,RL-DOHO [random arm],2,0.030304971988795577,0.9753306878306878,20,0.9611111111111111,0.9601715686274509,0.9611111111111111,0.9595588235294118
Dermatology,RL-DOHO [PERTURB only],2,0.013085784313725535,0.9921296296296296,18,0.9500000000000001,0.9491421568627452,0.9500000000000001,0.9493087557603687
Dermatology,RL-DOHO [no intervention],2,0.05371376050420162,0.9510912698412699,18,0.9424242424242424,0.9464285714285715,0.9424242424242424,0.9399216127363682
Dermatology,RL-DOHO [κ=1],2,0.01658823529411761,0.9888888888888889,19,0.9703703703703703,0.9693627450980392,0.9703703703703703,0.9695852534562212
Dermatology,RL-DOHO [κ=3],2,0.03557422969187672,0.9708994708994709,23,0.9592592592592593,0.9592592592592593,0.9592592592592593,0.9592592592592593
Dermatology,RL-DOHO [κ=4],2,0.029257352941176387,0.976388888888889,20,0.9535353535353536,0.9525462962962963,0.9535353535353536,0.9512636626179717
Dermatology,LASSO,2,0.02457580532212875,0.981117724867725,20,0.9703703703703703,0.9693627450980392,0.9703703703703703,0.9695852534562212
Dermatology,mRMR,2,0.05707843137254893,0.951851851851852,32,0.9722222222222223,0.9722222222222223,0.9722222222222223,0.9696969696969697
Dermatology,ReliefF,2,0.036523109243697484,0.9702380952380952,24,0.9629629629629629,0.9649122807017544,0.9629629629629629,0.9595588235294118
Dermatology,All features,2,0.06179166666666678,0.9476851851851851,34,0.9629629629629629,0.9649122807017544,0.9629629629629629,0.9595588235294118
Dermatology,RL-DOHO,3,0.013546218487394925,0.9904761904761905,14,0.9592592592592593,0.9592592592592593,0.9592592592592593,0.9592592592592593
Dermatology,DO,3,0.05115966386554628,0.9539682539682539,19,0.9407407407407407,0.9399509803921569,0.9407407407407407,0.9393382352941176
Dermatology,HO,3,0.025126050420168015,0.9841269841269842,32,0.9611111111111111,0.9601715686274509,0.9611111111111111,0.9595588235294118
Dermatology,DOHO,3,0.025420168067226835,0.9841269841269842,33,0.9611111111111111,0.9601715686274509,0.9611111111111111,0.9595588235294118
Dermatology,GA,3,0.009420168067226875,0.9952380952380953,16,0.9481481481481482,0.9504470310391363,0.9481481481481482,0.9482916095819321
Dermatology,BPSO,3,0.010008403361344521,0.9952380952380953,18,0.9525054466230937,0.9517628205128205,0.9525054466230937,0.9507827102662771
Dermatology,BGWO,3,0.014098039215686285,0.9925925925925926,23,0.9611111111111111,0.9639880952380953,0.9611111111111111,0.9618476656674826
Dermatology,GA+SI,3,0.012368697478991674,0.9910714285714285,12,0.9500000000000001,0.9491421568627452,0.9500000000000001,0.9493087557603687
Dermatology,HO+SI,3,0.019106442577030806,0.9878306878306878,24,0.9592592592592593,0.9592592592592593,0.9592592592592593,0.9592592592592593
Dermatology,RL-DOHO [Q-learning],3,0.03488830532212882,0.9707010582010582,20,0.9703703703703703,0.9693627450980392,0.9703703703703703,0.9695852534562212
Dermatology,RL-DOHO [random arm],3,0.02011764705882349,0.9888888888888889,31,0.9611111111111111,0.9601715686274509,0.9611111111111111,0.9595588235294118
Dermatology,RL-DOHO [PERTURB only],3,0.013546218487394925,0.9904761904761905,14,0.9296296296296296,0.9289215686274509,0.9296296296296296,0.9290322580645162
Dermatology,RL-DOHO [no intervention],3,0.05115966386554628,0.9539682539682539,19,0.9407407407407407,0.9399509803921569,0.9407407407407407,0.9393382352941176
Dermatology,RL-DOHO [κ=1],3,0.01835294117647055,0.9888888888888889,25,0.9611111111111111,0.9601715686274509,0.9611111111111111,0.9595588235294118
Dermatology,RL-DOHO [κ=3],3,0.017929971988795514,0.9878306878306878,20,0.9654684095860566,0.9589460784313726,0.9654684095860566,0.961721347181145
Dermatology,RL-DOHO [κ=4],3,0.018976540616246526,0.9873677248677248,22,0.935838779956427,0.9291666666666667,0.935838779956427,0.9307269357313256
Dermatology,LASSO,3,0.026602941176470628,0.9805555555555555,25,0.9592592592592593,0.9592592592592593,0.9592592592592593,0.9592592592592593
Dermatology,mRMR,3,0.022350140056022386,0.9830687830687831,19,0.938888888888889,0.938888888888889,0.938888888888889,0.938888888888889
Dermatology,ReliefF,3,0.03694765406162451,0.9704034391534393,26,0.9592592592592593,0.9592592592592593,0.9592592592592593,0.9592592592592593
Dermatology,All features,3,0.04083928571428572,0.9688492063492063,34,0.9611111111111111,0.9601715686274509,0.9611111111111111,0.9595588235294118
Dermatology,RL-DOHO,4,0.03151785714285705,0.9732142857142858,17,0.9611111111111111,0.9808114035087719,0.9611111111111111,0.9692205098211772
Dermatology,DO,4,0.030634453781512735,0.9738095238095237,16,0.9450980392156864,0.9738095238095239,0.9450980392156864,0.9569254163075674
Dermatology,HO,4,0.026509453781512527,0.9779761904761906,16,0.9813131313131312,0.9833333333333334,0.9813131313131312,0.9816049747464088
Dermatology,DOHO,4,0.030634453781512735,0.9738095238095237,16,0.9450980392156864,0.9738095238095239,0.9450980392156864,0.9569254163075674
Dermatology,GA,4,0.02346428571428576,0.9813492063492063,17,0.9848484848484849,0.9803921568627452,0.9848484848484849,0.9816468253968255
Dermatology,BPSO,4,0.028766806722689102,0.9765873015873016,19,0.9790849673202615,0.9761904761904763,0.9790849673202615,0.9763818556922006
Dermatology,BGWO,4,0.023266806722688903,0.9821428571428573,19,0.9813131313131312,0.9801169590643274,0.9813131313131312,0.9805084153921363
Dermatology,GA+SI,4,0.02346428571428576,0.9813492063492063,17,0.9848484848484849,0.9803921568627452,0.9848484848484849,0.9816468253968255
Dermatology,HO+SI,4,0.02375945378151254,0.9807539682539683,16,0.9636165577342047,0.9630952380952381,0.9636165577342047,0.9627271988514776
Dermatology,RL-DOHO [Q-learning],4,0.027591386554621764,0.9759920634920636,13,0.9747276688453158,0.9713450292397661,0.9747276688453158,0.9728878131863207
Dermatology,RL-DOHO [random arm],4,0.026116071428571353,0.978670634920635,17,0.9685185185185187,0.9705513784461153,0.9685185185185187,0.9692451071761417
Dermatology,RL-DOHO [PERTURB only],4,0.022582983193277242,0.9807539682539683,12,0.9737373737373738,0.9722222222222222,0.9737373737373738,0.9721804511278195
Dermatology,RL-DOHO [no intervention],4,0.030634453781512735,0.9738095238095237,16,0.9450980392156864,0.9738095238095239,0.9450980392156864,0.9569254163075674
Dermatology,RL-DOHO [κ=1],4,0.027097689075630173,0.9779761904761906,18,0.9500000000000001,0.9729166666666668,0.9500000000000001,0.95879544903314
Dermatology,RL-DOHO [κ=3],4,0.03171533613445368,0.972420634920635,15,0.9777777777777779,0.9864661654135339,0.9777777777777779,0.9811752746535355
Dermatology,RL-DOHO [κ=4],4,0.022582983193277242,0.9807539682539683,12,0.9888888888888889,0.9912280701754387,0.9888888888888889,0.9897483690587139
Dermatology,LASSO,4,0.03328256302520999,0.9732142857142858,23,1.0,1.0,1.0,1.0
Dermatology,mRMR,4,0.03861834733893554,0.9681216931216932,24,0.9924242424242425,0.9895833333333334,0.9924242424242425,0.9907476869217304
Dermatology,ReliefF,4,0.04667086834733887,0.9605820105820106,26,0.9592592592592593,0.9592592592592593,0.9592592592592593,0.9592592592592593
Dermatology,All features,4,0.07328273809523805,0.9360780423280424,34,0.9777777777777779,0.9833333333333334,0.9777777777777779,0.9793233082706766
Dermatology,RL-DOHO,5,0.021926120448179286,0.9826058201058201,16,0.9611111111111111,0.9601715686274509,0.9611111111111111,0.9595588235294118
Dermatology,DO,5,0.05361817226890749,0.949702380952381,13,0.9537037037037037,0.9705882352941178,0.9537037037037037,0.960146103896104
Dermatology,HO,5,0.019140756302521073,0.9869047619047618,21,0.9500000000000001,0.9491421568627452,0.9500000000000001,0.9493087557603687
Dermatology,DOHO,5,0.02987359943977602,0.9790343915343914,31,0.9722222222222223,0.9722222222222223,0.9722222222222223,0.9696969696969697
Dermatology,GA,5,0.019142857142857093,0.9857142857142858,17,0.9444444444444445,0.9618055555555557,0.9444444444444445,0.9500891265597148
Dermatology,BPSO,5,0.014721638655462263,0.9910714285714285,20,0.9518518518518518,0.9518518518518518,0.9518518518518518,0.9494949494949495
Dermatology,BGWO,5,0.02375945378151254,0.9807539682539683,16,0.9722222222222223,0.9722222222222223,0.9722222222222223,0.9696969696969697
Dermatology,GA+SI,5,0.017672268907562974,0.9857142857142858,12,0.9907407407407408,0.9895833333333334,0.9907407407407408,0.9898617511520738
Dermatology,HO+SI,5,0.018552521008403426,0.9869047619047618,19,0.9500000000000001,0.9491421568627452,0.9500000000000001,0.9493087557603687
Dermatology,RL-DOHO [Q-learning],5,0.029157563025210116,0.9773809523809524,23,0.9611111111111111,0.9601715686274509,0.9611111111111111,0.9595588235294118
Dermatology,RL-DOHO [random arm],5,0.026112394957983124,0.9807539682539683,24,0.9629629629629629,0.9649122807017544,0.9629629629629629,0.9595588235294118
Dermatology,RL-DOHO [PERTURB only],5,0.019634453781512552,0.984920634920635,16,0.9611111111111111,0.9601715686274509,0.9611111111111111,0.9595588235294118
Dermatology,RL-DOHO [no intervention],5,0.05361817226890749,0.949702380952381,13,0.9537037037037037,0.9705882352941178,0.9537037037037037,0.960146103896104
Dermatology,RL-DOHO [κ=1],5,0.018847689075630312,0.9863095238095237,18,0.9703703703703703,0.9693627450980392,0.9703703703703703,0.9695852534562212
Dermatology,RL-DOHO [κ=3],5,0.020612394957983254,0.9863095238095237,24,0.9722222222222223,0.9722222222222223,0.9722222222222223,0.9696969696969697
Dermatology,RL-DOHO [κ=4],5,0.02434873949579825,0.9801587301587302,16,0.9796296296296297,0.9796296296296297,0.9796296296296297,0.9796296296296297
Dermatology,LASSO,5,0.02664040616246498,0.9778439153439153,16,0.9351851851851851,0.9538011695906433,0.9351851851851851,0.9399881164587046
Dermatology,mRMR,5,0.04310714285714283,0.9615079365079365,17,0.9592592592592593,0.9592592592592593,0.9592592592592593,0.9592592592592593
Dermatology,ReliefF,5,0.035961834733893645,0.9734788359788359,33,0.9722222222222223,0.9722222222222223,0.9722222222222223,0.9696969696969697
Dermatology,All features,5,0.06814285714285716,0.9412698412698413,34,0.9722222222222223,0.9722222222222223,0.9722222222222223,0.9696969696969697
Dermatology,RL-DOHO,6,0.01855357142857149,0.9863095238095237,17,0.9481481481481482,0.9498746867167919,0.9481481481481482,0.9487418452935694
Dermatology,DO,6,0.03527016806722685,0.9691269841269842,16,0.9481481481481482,0.9498746867167919,0.9481481481481482,0.9487418452935694
Dermatology,HO,6,0.015580952380952438,0.9893121693121693,17,0.9407407407407407,0.9399509803921569,0.9407407407407407,0.9393382352941176
Dermatology,DOHO,6,0.02899124649859955,0.9790343915343914,28,0.9611111111111111,0.9601715686274509,0.9611111111111111,0.9595588235294118
Dermatology,GA,6,0.01354516806722697,0.9910714285714285,16,0.9202020202020202,0.9202020202020202,0.9202020202020202,0.9202020202020202
Dermatology,BPSO,6,0.013674019607843183,0.9921296296296296,20,0.9407407407407407,0.9399509803921569,0.9407407407407407,0.9393382352941176
Dermatology,BGWO,6,0.014854166666666595,0.9900462962962964,17,0.9407407407407407,0.9399509803921569,0.9407407407407407,0.9393382352941176
Dermatology,GA+SI,6,0.004705882352941177,1.0,16,0.9018518518518518,0.9215686274509803,0.9018518518518518,0.9098484848484848
Dermatology,HO+SI,6,0.016164215686274505,0.9884259259259259,16,0.9203703703703704,0.9203703703703704,0.9203703703703704,0.9181818181818183
Dermatology,RL-DOHO [Q-learning],6,0.022352766106442552,0.9815806878306879,14,0.9481481481481482,0.9498746867167919,0.9481481481481482,0.9487418452935694
Dermatology,RL-DOHO [random arm],6,0.015901785714285674,0.9889880952380953,17,0.9407407407407407,0.9399509803921569,0.9407407407407407,0.9393382352941176
Dermatology,RL-DOHO [PERTURB only],6,0.016034313725490225,0.9879629629629629,14,0.9500000000000001,0.9491421568627452,0.9500000000000001,0.9493087557603687
Dermatology,RL-DOHO [no intervention],6,0.03527016806722685,0.9691269841269842,16,0.9481481481481482,0.9498746867167919,0.9481481481481482,0.9487418452935694
Dermatology,RL-DOHO [κ=1],6,0.02676820728291324,0.9794973544973544,22,0.9333333333333332,0.9371794871794873,0.9333333333333332,0.9290322580645162
Dermatology,RL-DOHO [κ=3],6,0.01721078431372552,0.9879629629629629,18,0.9407407407407407,0.9399509803921569,0.9407407407407407,0.9393382352941176
Dermatology,RL-DOHO [κ=4],6,0.027647689075630262,0.9774206349206349,18,0.9481481481481482,0.9498746867167919,0.9481481481481482,0.9487418452935694
Dermatology,LASSO,6,0.023760504201680605,0.9801587301587302,14,0.9685185185185187,0.9705513784461153,0.9685185185185187,0.9692451071761417
Dermatology,mRMR,6,0.027260854341736765,0.9781084656084655,19,0.9222222222222222,0.9235588972431078,0.9222222222222222,0.9191176470588235
Dermatology,ReliefF,6,0.033676715686274596,0.975787037037037,33,0.9629629629629629,0.9649122807017544,0.9629629629629629,0.9595588235294118
Dermatology,All features,6,0.043366666666666644,0.9662962962962963,34,0.9333333333333332,0.9371794871794873,0.9333333333333332,0.9290322580645162
Dermatology,RL-DOHO,7,0.022219187675070043,0.9832010582010582,19,0.9703703703703703,0.9693627450980392,0.9703703703703703,0.9695852534562212
Dermatology,DO,7,0.049562044817927225,0.9555820105820105,19,0.9407407407407408,0.9630952380952381,0.9407407407407408,0.9500632458890172
Dermatology,HO,7,0.019621078431372563,0.9887962962962963,29,0.9333333333333332,0.9509803921568628,0.9333333333333332,0.9402056277056278
Dermatology,DOHO,7,0.02928746498599439,0.9778439153439153,25,0.9592592592592593,0.9592592592592593,0.9592592592592593,0.9592592592592593
Dermatology,GA,7,0.01632843137254905,0.9879629629629629,15,0.9611111111111111,0.9615036231884058,0.9611111111111111,0.9605594209009768
Dermatology,BPSO,7,0.023959803921568733,0.9820370370370369,21,0.9407407407407407,0.9399509803921569,0.9407407407407407,0.9393382352941176
Dermatology,BGWO,7,0.012792717086834778,0.9915343915343915,15,0.937037037037037,0.9410256410256409,0.937037037037037,0.93796992481203
Dermatology,GA+SI,7,0.017211834733893587,0.9873677248677248,16,0.9777777777777779,0.9833333333333334,0.9777777777777779,0.9793233082706766
Dermatology,HO+SI,7,0.013968137254902006,0.9921296296296296,21,0.9333333333333332,0.9525462962962963,0.9333333333333332,0.9399881164587046
Dermatology,RL-DOHO [Q-learning],7,0.020878501400560204,0.9836640211640212,16,0.9592592592592593,0.9592592592592593,0.9592592592592593,0.9592592592592593
Dermatology,RL-DOHO [random arm],7,0.021101120448179154,0.9834391534391536,16,0.9090909090909092,0.9107142857142857,0.9090909090909092,0.9093121737784718
Dermatology,RL-DOHO [PERTURB only],7,0.021043767507002813,0.9826058201058201,13,0.8821350762527235,0.893804043356473,0.8821350762527235,0.886628109602381
Dermatology,RL-DOHO [no intervention],7,0.049562044817927225,0.9555820105820105,19,0.9407407407407408,0.9630952380952381,0.9407407407407408,0.9500632458890172
Dermatology,RL-DOHO [κ=1],7,0.0250035014005603,0.9794973544973544,16,0.9062091503267973,0.920138888888889,0.9062091503267973,0.9115723921934803
Dermatology,RL-DOHO [κ=3],7,0.018389355742296946,0.9867724867724867,18,0.9685185185185187,0.9705513784461153,0.9685185185185187,0.9692451071761417
Dermatology,RL-DOHO [κ=4],7,0.02222023809523811,0.9826058201058201,17,0.9220538720538719,0.9493006993006993,0.9220538720538719,0.932162992046713
Dermatology,LASSO,7,0.02527850140056012,0.9792195767195768,16,0.9481481481481482,0.9498746867167919,0.9481481481481482,0.9487418452935694
Dermatology,mRMR,7,0.028699229691876743,0.9778439153439153,23,0.9574074074074074,0.9621794871794872,0.9574074074074074,0.9586466165413534
Dermatology,ReliefF,7,0.03574026610644254,0.9731084656084656,31,0.9333333333333332,0.9509803921568628,0.9333333333333332,0.9402056277056278
Dermatology,All features,7,0.05925119047619038,0.9502513227513228,34,0.924074074074074,0.9421296296296297,0.924074074074074,0.9301841948900772
Dermatology,RL-DOHO,8,0.017504901960784344,0.9879629629629629,19,0.9462962962962963,0.9543650793650794,0.9462962962962963,0.9477682811016145
Dermatology,DO,8,0.051191876750700194,0.9542328042328043,20,0.9685185185185187,0.9705513784461153,0.9685185185185187,0.9692451071761417
Dermatology,HO,8,0.032493697478991626,0.9757936507936508,29,0.9685185185185187,0.9705513784461153,0.9685185185185187,0.9692451071761417
Dermatology,DOHO,8,0.02146673669467785,0.9836640211640212,18,0.9666666666666667,0.9761904761904763,0.9666666666666667,0.9686609686609687
Dermatology,GA,8,0.011780462184874028,0.9910714285714285,10,0.9574074074074074,0.9677536231884059,0.9574074074074074,0.960233918128655
Dermatology,BPSO,8,0.023395658263305336,0.9832010582010582,23,0.9777777777777779,0.9833333333333334,0.9777777777777779,0.9793233082706766
Dermatology,BGWO,8,0.01675245098039215,0.9884259259259259,18,0.9666666666666667,0.9761904761904763,0.9666666666666667,0.9686609686609687
Dermatology,GA+SI,8,0.011780462184874028,0.9910714285714285,10,0.9574074074074074,0.9677536231884059,0.9574074074074074,0.960233918128655
Dermatology,HO+SI,8,0.02087745098039225,0.9842592592592592,18,0.9685185185185187,0.9705513784461153,0.9685185185185187,0.9692451071761417
Dermatology,RL-DOHO [Q-learning],8,0.02028921568627438,0.9842592592592594,16,0.9462962962962963,0.9543650793650794,0.9462962962962963,0.9477682811016145
Dermatology,RL-DOHO [random arm],8,0.02146673669467785,0.9836640211640212,18,0.9574074074074074,0.9621794871794872,0.9574074074074074,0.9586466165413534
Dermatology,RL-DOHO [PERTURB only],8,0.017504901960784344,0.9879629629629629,19,0.9574074074074074,0.9621794871794872,0.9574074074074074,0.9586466165413534
Dermatology,RL-DOHO [no intervention],8,0.051191876750700194,0.9542328042328043,20,0.9685185185185187,0.9705513784461153,0.9685185185185187,0.9692451071761417
Dermatology,RL-DOHO [κ=1],8,0.012074579831932851,0.9910714285714285,11,0.9388888888888888,0.9696969696969697,0.9388888888888888,0.9496632996632997
Dermatology,RL-DOHO [κ=3],8,0.021926120448179286,0.9826058201058201,16,0.9462962962962963,0.9543650793650794,0.9462962962962963,0.9477682811016145
Dermatology,RL-DOHO [κ=4],8,0.02087745098039225,0.9842592592592592,18,0.9685185185185187,0.9705513784461153,0.9685185185185187,0.9692451071761417
Dermatology,LASSO,8,0.021797268907563068,0.981547619047619,12,0.9388888888888888,0.9696969696969697,0.9388888888888888,0.9496632996632997
Dermatology,mRMR,8,0.040615896358543443,0.9658068783068783,23,0.9574074074074074,0.9621794871794872,0.9574074074074074,0.9586466165413534
Dermatology,ReliefF,8,0.04127352941176472,0.9672222222222222,30,0.9574074074074074,0.9621794871794872,0.9574074074074074,0.9586466165413534
Dermatology,All features,8,0.052297619047619044,0.9572751322751323,34,0.9592592592592593,0.9592592592592593,0.9592592592592593,0.9592592592592593
Dermatology,RL-DOHO,9,0.038138025210083935,0.9662301587301588,16,0.9560408001584472,0.9553319573443412,0.9560408001584472,0.9554863344877025
Dermatology,DO,9,0.050902731092436836,0.9551190476190478,22,0.9309368191721132,0.9263888888888888,0.9309368191721132,0.9277516988277482
Dermatology,HO,9,0.030137079831932697,0.9778769841269842,28,0.9302832244008714,0.9472222222222223,0.9302832244008714,0.933298873597381
Dermatology,DOHO,9,0.0419555322128851,0.9659391534391535,28,0.9814814814814815,0.9803921568627452,0.9814814814814815,0.979779411764706
Dermatology,GA,9,0.021760854341736673,0.9836640211640212,19,0.9888888888888889,0.9912280701754387,0.9888888888888889,0.9897483690587139
Dermatology,BPSO,9,0.02827626050420171,0.9767857142857143,18,0.9627946127946129,0.9607843137254902,0.9627946127946129,0.9610049833887043
Dermatology,BGWO,9,0.028800070028011195,0.9762566137566138,18,0.9722222222222223,0.9722222222222223,0.9722222222222223,0.9696969696969697
Dermatology,GA+SI,9,0.024085784313725496,0.9810185185185185,18,0.9765795206971678,0.9699754901960785,0.9765795206971678,0.9719155054896297
Dermatology,HO+SI,9,0.026898109243697517,0.9799603174603174,24,0.9673202614379085,0.9618055555555557,0.9673202614379085,0.9627530795221753
Dermatology,RL-DOHO [Q-learning],9,0.044118347338935514,0.9625661375661376,24,0.9703703703703703,0.9693627450980392,0.9703703703703703,0.9695852534562212
Dermatology,RL-DOHO [random arm],9,0.031976190476190415,0.9727513227513228,17,0.9813131313131312,0.9801169590643274,0.9813131313131312,0.9805084153921363
Dermatology,RL-DOHO [PERTURB only],9,0.02971673669467793,0.9753306878306878,18,0.9450980392156864,0.9650793650793651,0.9450980392156864,0.9526821722910247
Dermatology,RL-DOHO [no intervention],9,0.050902731092436836,0.9551190476190478,22,0.9309368191721132,0.9263888888888888,0.9309368191721132,0.9277516988277482
Dermatology,RL-DOHO [κ=1],9,0.026769257703081195,0.9789021164021164,20,0.9720538720538721,0.9699074074074074,0.9720538720538721,0.9707357394904282
Dermatology,RL-DOHO [κ=3],9,0.03960259103641452,0.9659391534391535,20,0.9627946127946129,0.9589460784313726,0.9627946127946129,0.9603329403779517
Dermatology,RL-DOHO [κ=4],9,0.0254275210084034,0.9799603174603174,19,0.9703703703703703,0.9722222222222223,0.9703703703703703,0.9692974368430759
Dermatology,LASSO,9,0.031318277310924396,0.9751984126984127,23,0.9654684095860566,0.9606481481481483,0.9654684095860566,0.9628648870343622
Dermatology,mRMR,9,0.04736204481792709,0.9578042328042329,19,0.9813131313131312,0.9801169590643274,0.9813131313131312,0.9805084153921363
Dermatology,ReliefF,9,0.04666771708683479,0.9623677248677248,32,0.94880174291939,0.9618736383442266,0.94880174291939,0.953425737474245
Dermatology,All features,9,0.06457440476190482,0.9448743386243386,34,0.94880174291939,0.9618736383442266,0.94880174291939,0.953425737474245
SPECTF,RL-DOHO,0,0.1425423076923076,0.8610683760683762,22,0.7289019963702359,0.7089892294946147,0.7289019963702359,0.7165532879818595
SPECTF,DO,0,0.19868826173826162,0.8045848595848597,23,0.6969147005444646,0.7012987012987013,0.6969147005444646,0.6990024079807362
SPECTF,HO,0,0.1777820179820179,0.8234065934065935,13,0.6476860254083484,0.6845238095238095,0.6476860254083484,0.65875
SPECTF,DOHO,0,0.19324130869130865,0.8084798534798535,16,0.6451905626134301,0.66,0.6451905626134301,0.6509971509971509
SPECTF,GA,0,0.12843081918081917,0.8746336996336996,19,0.7633847549909256,0.7336956521739131,0.7633847549909256,0.7437665782493369
SPECTF,BPSO,0,0.18811748251748261,0.8164102564102563,28,0.7264065335753176,0.6959937156323645,0.7264065335753176,0.7041018682809728
SPECTF,BGWO,0,0.169344955044955,0.8353724053724054,28,0.8003629764065335,0.7742336371168186,0.8003629764065335,0.7845804988662131
SPECTF,GA+SI,0,0.14893931068931085,0.8555250305250304,26,0.7379764065335753,0.7379764065335753,0.7379764065335753,0.7379764065335753
SPECTF,HO+SI,0,0.14567527472527467,0.8553785103785104,11,0.7034936479128857,0.712962962962963,0.7034936479128857,0.7077922077922078
SPECTF,RL-DOHO [Q-learning],0,0.1727365634365636,0.8289621489621488,15,0.6517695099818512,0.6720679012345678,0.6517695099818512,0.6592957577214278
SPECTF,RL-DOHO [random arm],0,0.13538146853146849,0.8687606837606838,24,0.7034936479128857,0.712962962962963,0.7034936479128857,0.7077922077922078
SPECTF,RL-DOHO [PERTURB only],0,0.16666248751248752,0.8362454212454212,20,0.692831215970962,0.7124999999999999,0.692831215970962,0.7008547008547008
SPECTF,RL-DOHO [no intervention],0,0.19868826173826162,0.8045848595848597,23,0.6969147005444646,0.7012987012987013,0.6969147005444646,0.6990024079807362
SPECTF,RL-DOHO [κ=1],0,0.162478921078921,0.8411599511599512,23,0.6903357531760436,0.6903357531760436,0.6903357531760436,0.6903357531760436
SPECTF,RL-DOHO [κ=3],0,0.18287592407592418,0.8189499389499388,16,0.7379764065335753,0.7379764065335753,0.7379764065335753,0.7379764065335753
SPECTF,RL-DOHO [κ=4],0,0.16179930069930085,0.8386324786324785,9,0.7699637023593466,0.7428571428571429,0.7699637023593466,0.7527825342465753
SPECTF,LASSO,0,0.2562699800199801,0.7434371184371183,10,0.6862522686025408,0.6998539435248297,0.6862522686025408,0.6920821114369502
SPECTF,mRMR,0,0.260688011988012,0.7378266178266178,5,0.6533575317604357,0.6473408892763732,0.6533575317604357,0.65
SPECTF,ReliefF,0,0.21025754245754247,0.7922100122100122,20,0.7404718693284936,0.765,0.7404718693284936,0.7507122507122508
SPECTF,All features,0,0.27317802197802205,0.7341636141636141,44,0.7107531760435571,0.6730625931445604,0.7107531760435571,0.6745325467453255
SPECTF,RL-DOHO,1,0.1553096403596404,0.849090354090354,26,0.6229582577132486,0.6160102739726028,0.6229582577132486,0.6187699416877545
SPECTF,DO,1,0.20755954045954045,0.7951648351648352,21,0.6837568058076224,0.6799999999999999,0.6837568058076224,0.6817824671680324
SPECTF,HO,1,0.1928532467532468,0.8084126984126984,14,0.7379764065335753,0.7379764065335753,0.7379764065335753,0.7379764065335753
SPECTF,DOHO,1,0.19542682317682328,0.8065018315018314,17,0.7379764065335753,0.7379764065335753,0.7379764065335753,0.7379764065335753
SPECTF,GA,1,0.13697582417582424,0.8666910866910866,22,0.7223230490018149,0.7,0.7223230490018149,0.707833904109589
SPECTF,BPSO,1,0.16380494505494494,0.8395909645909647,22,0.7486388384754991,0.7388840453356582,0.7486388384754991,0.7433333333333334
SPECTF,BGWO,1,0.1553325674325674,0.8486080586080587,24,0.7806261343012704,0.7458267090620032,0.7806261343012704,0.7569444444444444
SPECTF,GA+SI,1,0.176815084915085,0.8255311355311354,18,0.7239110707803993,0.6865079365079365,0.7239110707803993,0.691458101124734
SPECTF,HO+SI,1,0.13880464535464546,0.8639255189255188,18,0.8364337568058076,0.7781320330082521,0.8364337568058076,0.788647342995169
SPECTF,RL-DOHO [Q-learning],1,0.18886558441558432,0.8140476190476191,21,0.7486388384754991,0.7388840453356582,0.7486388384754991,0.7433333333333334
SPECTF,RL-DOHO [random arm],1,0.15637087912087924,0.847100122100122,22,0.7806261343012704,0.7458267090620032,0.7806261343012704,0.7569444444444444
SPECTF,RL-DOHO [PERTURB only],1,0.16255989010989014,0.8408485958485958,22,0.7436479128856625,0.7086247086247086,0.7436479128856625,0.7172742336371168
SPECTF,RL-DOHO [no intervention],1,0.20755954045954045,0.7951648351648352,21,0.6837568058076224,0.6799999999999999,0.6837568058076224,0.6817824671680324
SPECTF,RL-DOHO [κ=1],1,0.17174670329670327,0.8315689865689866,22,0.7831215970961887,0.7626262626262625,0.7831215970961887,0.7711421098517872
SPECTF,RL-DOHO [κ=3],1,0.19392312687312685,0.8084798534798535,19,0.662431941923775,0.6742940603700097,0.662431941923775,0.6674486803519062
SPECTF,RL-DOHO [κ=4],1,0.18161878121878106,0.8202197802197804,16,0.7872050816696914,0.7548309178743962,0.7872050816696914,0.7660477453580903
SPECTF,LASSO,1,0.23611328671328657,0.7626495726495728,5,0.6213702359346642,0.63375,0.6213702359346642,0.6260683760683761
SPECTF,mRMR,1,0.2805456043956044,0.7267216117216118,44,0.6426950998185118,0.6426950998185118,0.6426950998185118,0.6426950998185118
SPECTF,ReliefF,1,0.25173116883116886,0.7503174603174603,20,0.6492740471869328,0.6525974025974026,0.6492740471869328,0.6508427932576539
SPECTF,All features,1,0.2805456043956044,0.7267216117216118,44,0.6426950998185118,0.6426950998185118,0.6426950998185118,0.6426950998185118
SPECTF,RL-DOHO,2,0.14576613386613374,0.8575824175824177,21,0.7148366606170599,0.6736977256052825,0.7148366606170599,0.6700706991358995
SPECTF,DO,2,0.2118701298701299,0.7912698412698412,23,0.6960072595281306,0.6678321678321678,0.6960072595281306,0.673777961888981
SPECTF,HO,2,0.1524786713286714,0.8521794871794871,27,0.7025862068965517,0.6753731343283582,0.7025862068965517,0.6821834881536374
SPECTF,DOHO,2,0.1442150349650351,0.8566239316239315,10,0.6467785843920145,0.638484589041096,0.6467785843920145,0.6418747937066784
SPECTF,GA,2,0.09596758241758252,0.908113553113553,22,0.771551724137931,0.7261904761904763,0.771551724137931,0.7340156044178742
SPECTF,BPSO,2,0.15408626373626383,0.8494078144078143,22,0.8151088929219601,0.7698135198135199,0.8151088929219601,0.7825186412593206
SPECTF,BGWO,2,0.17546613386613374,0.8275824175824177,21,0.661524500907441,0.6414944356120826,0.661524500907441,0.6464646464646464
SPECTF,GA+SI,2,0.09638336663336652,0.9072344322344323,20,0.6894283121597096,0.6605769230769231,0.6894283121597096,0.6654332408263953
SPECTF,HO+SI,2,0.14369920079920082,0.8608180708180708,26,0.7025862068965517,0.6753731343283582,0.7025862068965517,0.6821834881536374
SPECTF,RL-DOHO [Q-learning],2,0.18990734265734263,0.8104700854700855,10,0.6508620689655172,0.6357142857142857,0.6508620689655172,0.6404109589041096
SPECTF,RL-DOHO [random arm],2,0.13938841158841161,0.8624175824175824,14,0.7781306715063521,0.7336128048780488,0.7781306715063521,0.7428571428571429
SPECTF,RL-DOHO [PERTURB only],2,0.14845684315684318,0.8541758241758242,18,0.6746823956442831,0.6571428571428571,0.6746823956442831,0.6628852739726028
SPECTF,RL-DOHO [no intervention],2,0.2118701298701299,0.7912698412698412,23,0.6960072595281306,0.6678321678321678,0.6960072595281306,0.673777961888981
SPECTF,RL-DOHO [κ=1],2,0.15649645354645358,0.8453663003663003,15,0.7304900181488203,0.6935975609756098,0.7304900181488203,0.7
SPECTF,RL-DOHO [κ=3],2,0.1417105394605394,0.8605311355311356,16,0.7633847549909256,0.7336956521739131,0.7633847549909256,0.7437665782493369
SPECTF,RL-DOHO [κ=4],2,0.13888561438561448,0.8636141636141635,17,0.7543103448275862,0.7136051829268293,0.7543103448275862,0.7214285714285714
SPECTF,LASSO,2,0.18684305694305697,0.8135653235653235,10,0.7050816696914701,0.6872410936205469,0.7050816696914701,0.6938775510204082
SPECTF,mRMR,2,0.2427918581418582,0.7559035409035408,5,0.7593012704174229,0.740530303030303,0.7593012704174229,0.7482563208369659
SPECTF,ReliefF,2,0.23276493506493504,0.7660317460317461,5,0.7436479128856625,0.7086247086247086,0.7436479128856625,0.7172742336371168
SPECTF,All features,2,0.28732087912087906,0.7198778998779,44,0.7091651542649728,0.6832273449920508,0.7091651542649728,0.6906565656565657
SPECTF,RL-DOHO,3,0.19493111888111883,0.8058547008547009,12,0.7962794918330309,0.7846556233653008,0.7962794918330309,0.79
SPECTF,DO,3,0.2717535464535464,0.7296336996336997,18,0.8200998185117967,0.8075414123801221,0.8200998185117967,0.8133333333333332
SPECTF,HO,3,0.2087766733266734,0.7925579975579975,15,0.7568058076225046,0.724960254372019,0.7568058076225046,0.7348484848484849
SPECTF,DOHO,3,0.21297857142857143,0.7899206349206349,22,0.7633847549909256,0.7336956521739131,0.7633847549909256,0.7437665782493369
SPECTF,GA,3,0.16355944055944063,0.8384615384615384,16,0.8003629764065335,0.7742336371168186,0.8003629764065335,0.7845804988662131
SPECTF,BPSO,3,0.21624585414585423,0.7857020757020756,18,0.7790381125226861,0.7733333333333333,0.7790381125226861,0.7760691435626894
SPECTF,BGWO,3,0.17831293706293713,0.8258547008547008,26,0.6894283121597096,0.6605769230769231,0.6894283121597096,0.6654332408263953
SPECTF,GA+SI,3,0.16355944055944063,0.8384615384615384,16,0.8003629764065335,0.7742336371168186,0.8003629764065335,0.7845804988662131
SPECTF,HO+SI,3,0.1687899600399601,0.834096459096459,20,0.7025862068965517,0.6753731343283582,0.7025862068965517,0.6821834881536374
SPECTF,RL-DOHO [Q-learning],3,0.1528568431568432,0.8497313797313797,18,0.7091651542649728,0.6832273449920508,0.7091651542649728,0.6906565656565657
SPECTF,RL-DOHO [random arm],3,0.21745934065934064,0.7828693528693529,11,0.6796733212341197,0.688034188034188,0.6796733212341197,0.6834415584415585
SPECTF,RL-DOHO [PERTURB only],3,0.17419210789210782,0.8293284493284494,23,0.691923774954628,0.6702898550724637,0.691923774954628,0.676923076923077
SPECTF,RL-DOHO [no intervention],3,0.2717535464535464,0.7296336996336997,18,0.8200998185117967,0.8075414123801221,0.8200998185117967,0.8133333333333332
SPECTF,RL-DOHO [κ=1],3,0.1794683816183816,0.8228510378510379,18,0.8176043557168784,0.7857142857142857,0.8176043557168784,0.7977311643835616
SPECTF,RL-DOHO [κ=3],3,0.19127222777222777,0.8109279609279609,18,0.8282667876588021,0.7875596184419714,0.8282667876588021,0.8011363636363636
SPECTF,RL-DOHO [κ=4],3,0.16389195804195786,0.8392735042735044,21,0.7740471869328494,0.737234878240377,0.7740471869328494,0.7479386285356435
SPECTF,LASSO,3,0.18843261738261735,0.811959706959707,10,0.7248185117967332,0.7159982563208369,0.7248185117967332,0.72
SPECTF,mRMR,3,0.33754295704295706,0.6601953601953602,5,0.669010889292196,0.68625,0.669010889292196,0.6759259259259259
SPECTF,ReliefF,3,0.27063041958041956,0.7289316239316239,10,0.7445553539019965,0.75,0.7445553539019965,0.7471620227038184
SPECTF,All features,3,0.3876868131868132,0.6184981684981685,44,0.6361161524500908,0.6333333333333333,0.6361161524500908,0.6346391289707037
SPECTF,RL-DOHO,4,0.15369820179820176,0.8493406593406594,20,0.7025862068965517,0.6753731343283582,0.7025862068965517,0.6821834881536374
SPECTF,DO,4,0.23614025974025984,0.7669841269841269,24,0.6483666061705988,0.627039627039627,0.6483666061705988,0.630281690140845
SPECTF,HO,4,0.1838296203796203,0.8175274725274726,14,0.7370689655172413,0.7009615384615384,0.7370689655172413,0.7086031452358927
SPECTF,DOHO,4,0.19881748251748257,0.803076923076923,17,0.7050816696914701,0.6872410936205469,0.7050816696914701,0.6938775510204082
SPECTF,GA,4,0.13049190809190814,0.8736996336996337,24,0.6837568058076224,0.6799999999999999,0.6837568058076224,0.6817824671680324
SPECTF,BPSO,4,0.16999625374625382,0.8319597069597069,16,0.7608892921960073,0.7211538461538463,0.7608892921960073,0.7301880974406414
SPECTF,BGWO,4,0.16251643356643358,0.8415811965811966,25,0.7050816696914701,0.6872410936205469,0.7050816696914701,0.6938775510204082
SPECTF,GA+SI,4,0.15562507492507496,0.848083028083028,23,0.7009981851179673,0.6931124673060156,0.7009981851179673,0.6966666666666667
SPECTF,HO+SI,4,0.16630454545454526,0.8350000000000002,13,0.6837568058076224,0.6799999999999999,0.6837568058076224,0.6817824671680324
SPECTF,RL-DOHO [Q-learning],4,0.2032766733266733,0.7981135531135531,15,0.6944192377495463,0.6834332191780822,0.6944192377495463,0.6880844977445264
SPECTF,RL-DOHO [random arm],4,0.19371168831168836,0.8098412698412698,24,0.7289019963702359,0.7089892294946147,0.7289019963702359,0.7165532879818595
SPECTF,RL-DOHO [PERTURB only],4,0.18077397602397605,0.8226800976800976,23,0.6032214156079855,0.5928571428571429,0.6032214156079855,0.5954623287671232
SPECTF,RL-DOHO [no intervention],4,0.23614025974025984,0.7669841269841269,24,0.6483666061705988,0.627039627039627,0.6483666061705988,0.630281690140845
SPECTF,RL-DOHO [κ=1],4,0.16797027972027978,0.8335470085470085,14,0.7354809437386569,0.7184343434343434,0.7354809437386569,0.7253705318221447
SPECTF,RL-DOHO [κ=3],4,0.20967492507492516,0.7930280830280829,21,0.6122958257713249,0.61,0.6122958257713249,0.6110674598720395
SPECTF,RL-DOHO [κ=4],4,0.15643246753246748,0.8463492063492064,19,0.6229582577132486,0.6160102739726028,0.6229582577132486,0.6187699416877545
SPECTF,LASSO,4,0.26471358641358644,0.7372039072039072,20,0.7395644283121597,0.71256038647343,0.7395644283121597,0.7214854111405835
SPECTF,mRMR,4,0.324572927072927,0.6767399267399268,20,0.6361161524500908,0.6333333333333333,0.6361161524500908,0.6346391289707037
SPECTF,ReliefF,4,0.22410999000998993,0.7747741147741148,5,0.7724591651542649,0.7617698343504795,0.7724591651542649,0.7666666666666666
SPECTF,All features,4,0.38271868131868136,0.6235164835164835,44,0.6508620689655172,0.6357142857142857,0.6508620689655172,0.6404109589041096
SPECTF,RL-DOHO,5,0.16192777222777224,0.8424053724053724,26,0.76497277676951,0.7190547636909227,0.76497277676951,0.7252415458937198
SPECTF,DO,5,0.20630854145854147,0.7975763125763126,26,0.7740471869328494,0.737234878240377,0.7740471869328494,0.7479386285356435
SPECTF,HO,5,0.14893681318681312,0.8546092796092797,22,0.7912885662431942,0.7494172494172494,0.7912885662431942,0.7607705053852527
SPECTF,DOHO,5,0.1930940559440561,0.811153846153846,27,0.7912885662431942,0.7494172494172494,0.7912885662431942,0.7607705053852527
SPECTF,GA,5,0.11839545454545454,0.885,20,0.7239110707803993,0.6865079365079365,0.7239110707803993,0.691458101124734
SPECTF,BPSO,5,0.14637907092907088,0.8578815628815629,25,0.8216878402903811,0.7784760408483896,0.8216878402903811,0.7917753887903141
SPECTF,BGWO,5,0.14928141858141863,0.8554090354090353,27,0.7558983666061706,0.706140350877193,0.7558983666061706,0.7026657552973342
SPECTF,GA+SI,5,0.10888831168831167,0.8946031746031746,20,0.8085299455535391,0.7615384615384615,0.8085299455535391,0.7733580018501387
SPECTF,HO+SI,5,0.15171348651348657,0.8527228327228327,26,0.7781306715063521,0.7336128048780488,0.7781306715063521,0.7428571428571429
SPECTF,RL-DOHO [Q-learning],5,0.13164505494505485,0.8720757020757022,22,0.8191923774954628,0.7658730158730158,0.8191923774954628,0.7765731077110143
SPECTF,RL-DOHO [random arm],5,0.18780424575424573,0.8148901098901099,20,0.6746823956442831,0.6571428571428571,0.6746823956442831,0.6628852739726028
SPECTF,RL-DOHO [PERTURB only],5,0.1412838161838161,0.8607326007326008,15,0.7872050816696914,0.7548309178743962,0.7872050816696914,0.7660477453580903
SPECTF,RL-DOHO [no intervention],5,0.20630854145854147,0.7975763125763126,26,0.7740471869328494,0.737234878240377,0.7740471869328494,0.7479386285356435
SPECTF,RL-DOHO [κ=1],5,0.17410269730269745,0.8298778998778997,25,0.7608892921960073,0.7211538461538463,0.7608892921960073,0.7301880974406414
SPECTF,RL-DOHO [κ=3],5,0.16385809190809192,0.8390781440781441,20,0.741152450090744,0.6993623405851463,0.741152450090744,0.7041062801932367
SPECTF,RL-DOHO [κ=4],5,0.15519355644355637,0.8487484737484738,24,0.7765426497277677,0.7524855012427507,0.7765426497277677,0.7619047619047619
SPECTF,LASSO,5,0.21732877122877128,0.7827716727716727,10,0.7756352087114338,0.725,0.7756352087114338,0.7287360890302067
SPECTF,mRMR,5,0.2974597402597402,0.7041269841269842,20,0.6696914700544465,0.640285071267817,0.6696914700544465,0.6407004830917875
SPECTF,ReliefF,5,0.22869745254745255,0.7712881562881563,10,0.7436479128856625,0.7086247086247086,0.7436479128856625,0.7172742336371168
SPECTF,All features,5,0.3183686813186814,0.6885164835164834,44,0.7107531760435571,0.6730625931445604,0.7107531760435571,0.6745325467453255
SPECTF,RL-DOHO,6,0.19973636363636366,0.8044444444444444,27,0.76497277676951,0.7190547636909227,0.76497277676951,0.7252415458937198
SPECTF,DO,6,0.24314875124875132,0.7589865689865689,20,0.8076225045372051,0.7461873638344226,0.8076225045372051,0.7375
SPECTF,HO,6,0.17053541458541457,0.8318742368742369,18,0.7518148820326679,0.7055555555555555,0.7518148820326679,0.7078696343402225
SPECTF,DOHO,6,0.18148476523476528,0.8221916971916972,24,0.7091651542649728,0.6832273449920508,0.7091651542649728,0.6906565656565657
SPECTF,GA,6,0.12644120879120885,0.8773321123321123,22,0.7558983666061706,0.706140350877193,0.7558983666061706,0.7026657552973342
SPECTF,BPSO,6,0.15322802197802213,0.8502747252747251,22,0.6935117967332123,0.6599774943735934,0.6935117967332123,0.6618357487922706
SPECTF,BGWO,6,0.1228534965034967,0.8807264957264955,21,0.771551724137931,0.7261904761904763,0.771551724137931,0.7340156044178742
SPECTF,GA+SI,6,0.17060554445554443,0.832032967032967,19,0.7534029038112522,0.7026487663280117,0.7534029038112522,0.6884869365489521
SPECTF,HO+SI,6,0.15830839160839164,0.8430769230769231,13,0.7477313974591651,0.7063492063492063,0.7477313974591651,0.712736852771304
SPECTF,RL-DOHO [Q-learning],6,0.1616737262737262,0.8403663003663004,16,0.8126134301270418,0.7584396099024756,0.8126134301270418,0.767512077294686
SPECTF,RL-DOHO [random arm],6,0.17092847152847143,0.8337728937728939,28,0.8257713248638838,0.7736280487804879,0.8257713248638838,0.7857142857142857
SPECTF,RL-DOHO [PERTURB only],6,0.1581126873126873,0.8446520146520147,19,0.8430127041742287,0.7857142857142857,0.8430127041742287,0.7978518593575843
SPECTF,RL-DOHO [no intervention],6,0.24314875124875132,0.7589865689865689,20,0.8076225045372051,0.7461873638344226,0.8076225045372051,0.7375
SPECTF,RL-DOHO [κ=1],6,0.18601273726273737,0.8157814407814407,16,0.7838021778584392,0.7271241830065359,0.7838021778584392,0.7173076923076923
SPECTF,RL-DOHO [κ=3],6,0.2095527972027973,0.7926923076923076,19,0.7969600725952812,0.7385204081632653,0.7969600725952812,0.7348484848484849
SPECTF,RL-DOHO [κ=4],6,0.1789908091908091,0.8221855921855923,13,0.8298548094373865,0.7708643815201193,0.8298548094373865,0.7795220477952205
SPECTF,LASSO,6,0.16645074925074924,0.8341636141636142,10,0.7953720508166969,0.746031746031746,0.7953720508166969,0.7552943560644443
SPECTF,mRMR,6,0.26283681318681323,0.7446092796092796,44,0.8035390199637024,0.7445175438596491,0.8035390199637024,0.7436773752563226
SPECTF,ReliefF,6,0.21354525474525474,0.7865934065934066,10,0.8142014519056261,0.7518181818181818,0.8142014519056261,0.7463523045704898
SPECTF,All features,6,0.26283681318681323,0.7446092796092796,44,0.8035390199637024,0.7445175438596491,0.8035390199637024,0.7436773752563226
SPECTF,RL-DOHO,7,0.16532197802197798,0.8380586080586081,22,0.7674682395644283,0.729020979020979,0.7674682395644283,0.7390223695111848
SPECTF,DO,7,0.23766583416583423,0.7663614163614163,28,0.661524500907441,0.6414944356120826,0.661524500907441,0.6464646464646464
SPECTF,HO,7,0.19111288711288713,0.8136141636141636,29,0.7436479128856625,0.7086247086247086,0.7436479128856625,0.7172742336371168
SPECTF,DOHO,7,0.19057007992007988,0.8134737484737485,26,0.661524500907441,0.6414944356120826,0.661524500907441,0.6464646464646464
SPECTF,GA,7,0.11369095904095913,0.891129426129426,26,0.7329854809437386,0.704093799682035,0.7329854809437386,0.7127525252525253
SPECTF,BPSO,7,0.17229910089910078,0.8307814407814409,21,0.7329854809437386,0.704093799682035,0.7329854809437386,0.7127525252525253
SPECTF,BGWO,7,0.17073976023976029,0.8323565323565323,21,0.7527223230490019,0.7307373653686826,0.7527223230490019,0.7392290249433107
SPECTF,GA+SI,7,0.12054595404595397,0.8835164835164836,23,0.6960072595281306,0.6678321678321678,0.6960072595281306,0.673777961888981
SPECTF,HO+SI,7,0.19321693306693322,0.8062087912087911,6,0.7100725952813067,0.7254138266796495,0.7100725952813067,0.7167155425219941
SPECTF,RL-DOHO [Q-learning],7,0.1714265734265734,0.8341880341880342,32,0.6746823956442831,0.6571428571428571,0.6746823956442831,0.6628852739726028
SPECTF,RL-DOHO [random arm],7,0.18539865134865136,0.8161721611721612,15,0.6656079854809438,0.6403846153846154,0.6656079854809438,0.6438482886216466
SPECTF,RL-DOHO [PERTURB only],7,0.15007672327672328,0.8536874236874237,23,0.7157441016333939,0.6914251207729469,0.7157441016333939,0.6992042440318302
SPECTF,RL-DOHO [no intervention],7,0.2465576423576424,0.7566910866910866,25,0.7289019963702359,0.7089892294946147,0.7289019963702359,0.7165532879818595
SPECTF,RL-DOHO [κ=1],7,0.16111893106893116,0.8413858363858363,18,0.8282667876588021,0.7875596184419714,0.8282667876588021,0.8011363636363636
SPECTF,RL-DOHO [κ=3],7,0.1389726273726274,0.8632967032967033,16,0.7831215970961887,0.7626262626262625,0.7831215970961887,0.7711421098517872
SPECTF,RL-DOHO [κ=4],7,0.16996728271728279,0.8324481074481074,18,0.7658802177858439,0.7508561643835616,0.7658802177858439,0.7573990538012982
SPECTF,LASSO,7,0.1435198801198801,0.8561782661782662,5,0.6796733212341197,0.688034188034188,0.6796733212341197,0.6834415584415585
SPECTF,mRMR,7,0.23860974025974027,0.7635714285714286,20,0.6853448275862069,0.6623608903020668,0.6853448275862069,0.668560606060606
SPECTF,ReliefF,7,0.254889010989011,0.7526373626373626,44,0.7157441016333939,0.6914251207729469,0.7157441016333939,0.6992042440318302
SPECTF,All features,7,0.254889010989011,0.7526373626373626,44,0.7157441016333939,0.6914251207729469,0.7157441016333939,0.6992042440318302
SPECTF,RL-DOHO,8,0.16871138861138854,0.8341758241758243,20,0.6401996370235935,0.6300505050505051,0.6401996370235935,0.6338273757628596
SPECTF,DO,8,0.21514585414585405,0.7868131868131869,18,0.802858439201452,0.7966666666666666,0.802858439201452,0.7996408126613537
SPECTF,HO,8,0.1795335164835166,0.8211782661782661,11,0.7921960072595282,0.7987012987012987,0.7921960072595282,0.7953216374269005
SPECTF,DOHO,8,0.17357897102897105,0.8267338217338217,9,0.662431941923775,0.6742940603700097,0.662431941923775,0.6674486803519062
SPECTF,GA,8,0.14500334665334674,0.8578937728937728,19,0.7937840290381125,0.7642857142857142,0.7937840290381125,0.7752568493150684
SPECTF,BPSO,8,0.17860659340659346,0.8246398046398046,22,0.7847096188747731,0.7413461538461539,0.7847096188747731,0.75177304964539
SPECTF,BGWO,8,0.13470809190809174,0.8685225885225887,20,0.852087114337568,0.8084260731319555,0.852087114337568,0.8232323232323232
SPECTF,GA+SI,8,0.13267002997003008,0.8701221001221,18,0.7395644283121597,0.71256038647343,0.7395644283121597,0.7214854111405835
SPECTF,HO+SI,8,0.13407932067932068,0.8668620268620268,10,0.7141560798548094,0.7141560798548094,0.7141560798548094,0.7141560798548094
SPECTF,RL-DOHO [Q-learning],8,0.1348095904095903,0.867960927960928,18,0.742059891107078,0.7283818493150684,0.742059891107078,0.7342942017823744
SPECTF,RL-DOHO [random arm],8,0.15172172827172833,0.8501892551892551,15,0.7831215970961887,0.7626262626262625,0.7831215970961887,0.7711421098517872
SPECTF,RL-DOHO [PERTURB only],8,0.14596673326673335,0.8566910866910866,18,0.7912885662431942,0.7494172494172494,0.7912885662431942,0.7607705053852527
SPECTF,RL-DOHO [no intervention],8,0.21514585414585405,0.7868131868131869,18,0.802858439201452,0.7966666666666666,0.802858439201452,0.7996408126613537
SPECTF,RL-DOHO [κ=1],8,0.15862392607392617,0.8432173382173381,15,0.7502268602540835,0.7166142969363708,0.7502268602540835,0.7260202484083081
SPECTF,RL-DOHO [κ=3],8,0.16981118881118887,0.8307692307692307,10,0.6574410163339384,0.6437448218724109,0.6574410163339384,0.6485260770975056
SPECTF,RL-DOHO [κ=4],8,0.17819560439560453,0.8250549450549449,22,0.8266787658802177,0.82,0.8266787658802177,0.8232124817600179
SPECTF,LASSO,8,0.22181358641358634,0.7805372405372406,20,0.7724591651542649,0.7617698343504795,0.7724591651542649,0.7666666666666666
SPECTF,mRMR,8,0.30699710289710286,0.6944932844932845,20,0.7173321234119783,0.6796699174793699,0.7173321234119783,0.6829710144927537
SPECTF,ReliefF,8,0.2405677822177822,0.7592979242979243,10,0.7034936479128857,0.712962962962963,0.7034936479128857,0.7077922077922078
SPECTF,All features,8,0.39562252747252746,0.6104822954822955,44,0.8348457350272231,0.7971014492753623,0.8348457350272231,0.8106100795755968
SPECTF,RL-DOHO,9,0.18261853146853166,0.820128205128205,20,0.8044464609800364,0.7666931637519873,0.8044464609800364,0.7790404040404041
SPECTF,DO,9,0.21694465534465543,0.7863736263736263,24,0.7897005444646098,0.7733304794520548,0.7897005444646098,0.7805039058202222
SPECTF,HO,9,0.17217332667332663,0.8302197802197803,18,0.7132486388384756,0.6807692307692308,0.7132486388384756,0.6870181930311441
SPECTF,DOHO,9,0.21694465534465543,0.7863736263736263,24,0.7897005444646098,0.7733304794520548,0.7897005444646098,0.7805039058202222
SPECTF,GA,9,0.15524190809190805,0.8486996336996337,24,0.7806261343012704,0.7458267090620032,0.7806261343012704,0.7569444444444444
SPECTF,BPSO,9,0.17976223776223782,0.8239316239316239,24,0.7198275862068966,0.6882284382284383,0.7198275862068966,0.6955260977630489
SPECTF,BGWO,9,0.1440351648351649,0.8595604395604395,22,0.7822141560798548,0.7317436661698957,0.7822141560798548,0.7375262473752624
SPECTF,GA+SI,9,0.1500393106893106,0.8544139194139195,26,0.7395644283121597,0.71256038647343,0.7395644283121597,0.7214854111405835
SPECTF,HO+SI,9,0.17775189810189806,0.8245848595848596,18,0.6960072595281306,0.6678321678321678,0.6960072595281306,0.673777961888981
SPECTF,RL-DOHO [Q-learning],9,0.18347072927072922,0.8192673992673993,20,0.7608892921960073,0.7211538461538463,0.7608892921960073,0.7301880974406414
SPECTF,RL-DOHO [random arm],9,0.17008826173826153,0.8334737484737487,23,0.7740471869328494,0.737234878240377,0.7740471869328494,0.7479386285356435
SPECTF,RL-DOHO [PERTURB only],9,0.16711098901098895,0.8362515262515263,22,0.7781306715063521,0.7336128048780488,0.7781306715063521,0.7428571428571429
SPECTF,RL-DOHO [no intervention],9,0.21694465534465543,0.7863736263736263,24,0.7897005444646098,0.7733304794520548,0.7897005444646098,0.7805039058202222
SPECTF,RL-DOHO [κ=1],9,0.1819040959040958,0.8203907203907205,18,0.771551724137931,0.7261904761904763,0.771551724137931,0.7340156044178742
SPECTF,RL-DOHO [κ=3],9,0.1893902597402597,0.8142063492063493,24,0.7872050816696914,0.7548309178743962,0.7872050816696914,0.7660477453580903
SPECTF,RL-DOHO [κ=4],9,0.1770194305694305,0.826013431013431,21,0.8044464609800364,0.7666931637519873,0.8044464609800364,0.7790404040404041
SPECTF,LASSO,9,0.2554418581418581,0.7431257631257632,5,0.8110254083484574,0.7759661835748792,0.8110254083484574,0.7883289124668436
SPECTF,mRMR,9,0.29572802197802195,0.7113858363858364,44,0.65494555353902,0.6341319717203456,0.65494555353902,0.6383467278989667
SPECTF,ReliefF,9,0.25492237762237757,0.7470940170940171,20,0.7978675136116153,0.7578554595443834,0.7978675136116153,0.7698570086629788
SPECTF,All features,9,0.29572802197802195,0.7113858363858364,44,0.65494555353902,0.6341319717203456,0.65494555353902,0.6383467278989667
Backache,RL-DOHO,0,0.32331250000000006,0.6787878787878787,17,0.5501519756838906,0.6078431372549019,0.5501519756838906,0.5591836734693878
Backache,DO,0,0.3906875,0.6113636363636363,19,0.48936170212765956,0.4339622641509434,0.48936170212765956,0.46
Backache,HO,0,0.3043660714285714,0.6972943722943723,15,0.560790273556231,0.6923076923076923,0.560790273556231,0.5757575757575757
Backache,DOHO,0,0.31643750000000004,0.6863636363636363,19,0.5395136778115501,0.565,0.5395136778115501,0.5445173383317713
Backache,GA,0,0.2702142857142857,0.7308441558441559,12,0.5395136778115501,0.565,0.5395136778115501,0.5445173383317713
Backache,BPSO,0,0.2803660714285714,0.7215367965367966,15,0.560790273556231,0.6923076923076923,0.560790273556231,0.5757575757575757
Backache,BGWO,0,0.29202678571428575,0.7103896103896103,17,0.560790273556231,0.6923076923076923,0.560790273556231,0.5757575757575757
Backache,GA+SI,0,0.2777410714285714,0.7222943722943723,9,0.5714285714285714,0.9433962264150944,0.5714285714285714,0.595
Backache,HO+SI,0,0.26977678571428576,0.7316017316017316,13,0.4787234042553192,0.4326923076923077,0.4787234042553192,0.45454545454545453
Backache,RL-DOHO [Q-learning],0,0.30049107142857145,0.7018398268398268,17,0.5395136778115501,0.565,0.5395136778115501,0.5445173383317713
Backache,RL-DOHO [random arm],0,0.2906517857142857,0.7111471861471862,15,0.48936170212765956,0.4339622641509434,0.48936170212765956,0.46
Backache,RL-DOHO [PERTURB only],0,0.28406249999999994,0.7159090909090909,9,0.5501519756838906,0.6078431372549019,0.5501519756838906,0.5591836734693878
Backache,RL-DOHO [no intervention],0,0.3906875,0.6113636363636363,19,0.48936170212765956,0.4339622641509434,0.48936170212765956,0.46
Backache,RL-DOHO [κ=1],0,0.26183928571428566,0.739935064935065,14,0.5501519756838906,0.6078431372549019,0.5501519756838906,0.5591836734693878
Backache,RL-DOHO [κ=3],0,0.2763928571428572,0.7258658008658008,16,0.5288753799392097,0.5387755102040817,0.5288753799392097,0.53125
Backache,RL-DOHO [κ=4],0,0.3385625,0.6659090909090909,25,0.6322188449848024,0.7843137254901961,0.6322188449848024,0.6693877551020408
Backache,LASSO,0,0.3965625,0.6022727272727273,9,0.6428571428571428,0.9519230769230769,0.6428571428571428,0.696969696969697
Backache,mRMR,0,0.34287499999999993,0.6568181818181819,10,0.5395136778115501,0.565,0.5395136778115501,0.5445173383317713
Backache,ReliefF,0,0.3706517857142857,0.6278138528138528,7,0.5501519756838906,0.6078431372549019,0.5501519756838906,0.5591836734693878
Backache,All features,0,0.3985,0.6075757575757575,32,0.48936170212765956,0.4339622641509434,0.48936170212765956,0.46
Backache,RL-DOHO,1,0.3860892857142858,0.6119047619047618,6,0.5,0.42592592592592593,0.5,0.46
Backache,DO,1,0.4385,0.5621212121212121,16,0.5625,0.9339622641509434,0.5625,0.5757575757575757
Backache,HO,1,0.32083928571428566,0.6778138528138529,6,0.5298913043478262,0.5549999999999999,0.5298913043478262,0.53125
Backache,DOHO,1,0.32156250000000003,0.678030303030303,9,0.5190217391304348,0.5285714285714286,0.5190217391304348,0.5190283400809717
Backache,GA,1,0.316625,0.6833333333333333,10,0.5,0.42592592592592593,0.5,0.46
Backache,BPSO,1,0.3155535714285714,0.6844155844155845,10,0.6032608695652174,0.69,0.6032608695652174,0.625
Backache,BGWO,1,0.31568749999999995,0.6871212121212121,19,0.5625,0.9339622641509434,0.5625,0.5757575757575757
Backache,GA+SI,1,0.316625,0.6833333333333333,10,0.5625,0.9339622641509434,0.5625,0.5757575757575757
Backache,HO+SI,1,0.32052678571428567,0.6778138528138529,5,0.5298913043478262,0.5549999999999999,0.5298913043478262,0.53125
Backache,RL-DOHO [Q-learning],1,0.34075,0.6583333333333333,8,0.5625,0.9339622641509434,0.5625,0.5757575757575757
Backache,RL-DOHO [random arm],1,0.3119375000000001,0.687121212121212,7,0.5625,0.9339622641509434,0.5625,0.5757575757575757
Backache,RL-DOHO [PERTURB only],1,0.3125625000000001,0.687121212121212,9,0.5625,0.9339622641509434,0.5625,0.5757575757575757
Backache,RL-DOHO [no intervention],1,0.4385,0.5621212121212121,16,0.5625,0.9339622641509434,0.5625,0.5757575757575757
Backache,RL-DOHO [κ=1],1,0.3291875,0.6696969696969697,7,0.5,0.42592592592592593,0.5,0.46
Backache,RL-DOHO [κ=3],1,0.3639642857142857,0.6361471861471861,12,0.5298913043478262,0.5549999999999999,0.5298913043478262,0.53125
Backache,RL-DOHO [κ=4],1,0.31737499999999996,0.6825757575757576,10,0.5298913043478262,0.5549999999999999,0.5298913043478262,0.53125
Backache,LASSO,1,0.3505535714285714,0.6465367965367965,2,0.5,0.42592592592592593,0.5,0.46
Backache,mRMR,1,0.410375,0.5886363636363636,10,0.6141304347826086,0.7745098039215685,0.6141304347826086,0.6457357075913777
Backache,ReliefF,1,0.4441517857142857,0.5535714285714286,7,0.5,0.42592592592592593,0.5,0.46
Backache,All features,1,0.44799999999999995,0.5575757575757576,32,0.5625,0.9339622641509434,0.5625,0.5757575757575757
Backache,RL-DOHO,2,0.24586607142857145,0.7563852813852814,15,0.48936170212765956,0.4339622641509434,0.48936170212765956,0.46
Backache,DO,2,0.3835178571428572,0.6182900432900432,18,0.48936170212765956,0.4339622641509434,0.48936170212765956,0.46
Backache,HO,2,0.2727053571428571,0.7311688311688312,21,0.48936170212765956,0.4339622641509434,0.48936170212765956,0.46
Backache,DOHO,2,0.29,0.7121212121212122,16,0.48936170212765956,0.4339622641509434,0.48936170212765956,0.46
Backache,GA,2,0.23068749999999996,0.7704545454545455,11,0.48936170212765956,0.4339622641509434,0.48936170212765956,0.46
Backache,BPSO,2,0.2528125,0.75,17,0.4787234042553192,0.4326923076923077,0.4787234042553192,0.45454545454545453
Backache,BGWO,2,0.2562767857142857,0.7452380952380953,13,0.48936170212765956,0.4339622641509434,0.48936170212765956,0.46
Backache,GA+SI,2,0.23068749999999996,0.7704545454545455,11,0.48936170212765956,0.4339622641509434,0.48936170212765956,0.46
Backache,HO+SI,2,0.2651785714285713,0.735930735930736,12,0.48936170212765956,0.4339622641509434,0.48936170212765956,0.46
Backache,RL-DOHO [Q-learning],2,0.22681249999999997,0.775,13,0.4787234042553192,0.4326923076923077,0.4787234042553192,0.45454545454545453
Backache,RL-DOHO [random arm],2,0.23758928571428564,0.7656926406926408,18,0.4787234042553192,0.4326923076923077,0.4787234042553192,0.45454545454545453
Backache,RL-DOHO [PERTURB only],2,0.21536607142857134,0.785930735930736,11,0.4787234042553192,0.4326923076923077,0.4787234042553192,0.45454545454545453
Backache,RL-DOHO [no intervention],2,0.3835178571428572,0.6182900432900432,18,0.48936170212765956,0.4339622641509434,0.48936170212765956,0.46
Backache,RL-DOHO [κ=1],2,0.25993750000000004,0.7409090909090909,11,0.48936170212765956,0.4339622641509434,0.48936170212765956,0.46
Backache,RL-DOHO [κ=3],2,0.24399107142857143,0.7563852813852814,9,0.4787234042553192,0.4326923076923077,0.4787234042553192,0.45454545454545453
Backache,RL-DOHO [κ=4],2,0.26989285714285705,0.7311688311688312,12,0.4574468085106383,0.43,0.4574468085106383,0.44329896907216493
Backache,LASSO,2,0.3234464285714287,0.6739177489177488,2,0.5395136778115501,0.565,0.5395136778115501,0.5445173383317713
Backache,mRMR,2,0.3446607142857143,0.6524891774891775,2,0.5258358662613982,0.5159474671669794,0.5258358662613982,0.5090909090909091
Backache,ReliefF,2,0.3436875,0.6613636363636364,27,0.5714285714285714,0.9433962264150944,0.5714285714285714,0.595
Backache,All features,2,0.37825,0.628030303030303,32,0.5714285714285714,0.9433962264150944,0.5714285714285714,0.595
Backache,RL-DOHO,3,0.30015178571428575,0.699025974025974,7,0.5,0.4351851851851852,0.5,0.46534653465346537
Backache,DO,3,0.36511607142857144,0.6359307359307359,15,0.48936170212765956,0.4339622641509434,0.48936170212765956,0.46
Backache,HO,3,0.25861607142857135,0.7397186147186148,3,0.5,0.4351851851851852,0.5,0.46534653465346537
Backache,DOHO,3,0.2549375,0.7446969696969697,7,0.5501519756838906,0.6078431372549019,0.5501519756838906,0.5591836734693878
Backache,GA,3,0.27090178571428575,0.7285714285714285,7,0.48936170212765956,0.4339622641509434,0.48936170212765956,0.46
Backache,BPSO,3,0.29408928571428566,0.7073593073593074,14,0.4787234042553192,0.4326923076923077,0.4787234042553192,0.45454545454545453
Backache,BGWO,3,0.2614642857142857,0.7384199134199134,8,0.46808510638297873,0.43137254901960786,0.46808510638297873,0.4489795918367347
Backache,GA+SI,3,0.27058928571428575,0.7285714285714285,6,0.48936170212765956,0.4339622641509434,0.48936170212765956,0.46
Backache,HO+SI,3,0.25830357142857135,0.7397186147186148,2,0.5,0.4351851851851852,0.5,0.46534653465346537
Backache,RL-DOHO [Q-learning],3,0.32415178571428566,0.6785714285714286,19,0.48936170212765956,0.4339622641509434,0.48936170212765956,0.46
Backache,RL-DOHO [random arm],3,0.29952678571428576,0.699025974025974,5,0.5,0.4351851851851852,0.5,0.46534653465346537
Backache,RL-DOHO [PERTURB only],3,0.22631250000000006,0.7742424242424242,9,0.46808510638297873,0.43137254901960786,0.46808510638297873,0.4489795918367347
Backache,RL-DOHO [no intervention],3,0.36511607142857144,0.6359307359307359,15,0.48936170212765956,0.4339622641509434,0.48936170212765956,0.46
Backache,RL-DOHO [κ=1],3,0.2728392857142857,0.7262987012987013,6,0.46808510638297873,0.43137254901960786,0.46808510638297873,0.4489795918367347
Backache,RL-DOHO [κ=3],3,0.25830357142857135,0.7397186147186148,2,0.5,0.4351851851851852,0.5,0.46534653465346537
Backache,RL-DOHO [κ=4],3,0.2650892857142857,0.7353896103896104,10,0.4574468085106383,0.43,0.4574468085106383,0.44329896907216493
Backache,LASSO,3,0.25830357142857135,0.7397186147186148,2,0.5,0.4351851851851852,0.5,0.46534653465346537
Backache,mRMR,3,0.3600625,0.6454545454545454,29,0.5395136778115501,0.565,0.5395136778115501,0.5445173383317713
Backache,ReliefF,3,0.36477678571428573,0.6406926406926406,29,0.5501519756838906,0.6078431372549019,0.5501519756838906,0.5591836734693878
Backache,All features,3,0.36571428571428577,0.6406926406926406,32,0.5501519756838906,0.6078431372549019,0.5501519756838906,0.5591836734693878
Backache,RL-DOHO,4,0.3174017857142858,0.6816017316017315,7,0.5501519756838906,0.6078431372549019,0.5501519756838906,0.5591836734693878
Backache,DO,4,0.3976875,0.603030303030303,15,0.560790273556231,0.6923076923076923,0.560790273556231,0.5757575757575757
Backache,HO,4,0.3392142857142857,0.6611471861471861,12,0.560790273556231,0.6923076923076923,0.560790273556231,0.5757575757575757
Backache,DOHO,4,0.31687499999999996,0.6818181818181819,6,0.48936170212765956,0.4339622641509434,0.48936170212765956,0.46
Backache,GA,4,0.3081875,0.6909090909090909,7,0.6109422492401215,0.6489795918367347,0.6109422492401215,0.625
Backache,BPSO,4,0.33093750000000005,0.6704545454545454,15,0.5,0.4351851851851852,0.5,0.46534653465346537
Backache,BGWO,4,0.3005892857142857,0.702056277056277,18,0.48936170212765956,0.4339622641509434,0.48936170212765956,0.46
Backache,GA+SI,4,0.31331250000000005,0.6863636363636363,9,0.6109422492401215,0.6489795918367347,0.6109422492401215,0.625
Backache,HO+SI,4,0.33093750000000005,0.6704545454545454,15,0.5714285714285714,0.9433962264150944,0.5714285714285714,0.595
Backache,RL-DOHO [Q-learning],4,0.3376517857142857,0.6611471861471861,7,0.5714285714285714,0.9433962264150944,0.5714285714285714,0.595
Backache,RL-DOHO [random arm],4,0.34768750000000004,0.6522727272727272,11,0.560790273556231,0.6923076923076923,0.560790273556231,0.5757575757575757
Backache,RL-DOHO [PERTURB only],4,0.32812500000000006,0.6704545454545454,6,0.5,0.4351851851851852,0.5,0.46534653465346537
Backache,RL-DOHO [no intervention],4,0.3976875,0.603030303030303,15,0.560790273556231,0.6923076923076923,0.560790273556231,0.5757575757575757
Backache,RL-DOHO [κ=1],4,0.309125,0.6909090909090909,10,0.560790273556231,0.6923076923076923,0.560790273556231,0.5757575757575757
Backache,RL-DOHO [κ=3],4,0.32906250000000004,0.6704545454545454,9,0.48936170212765956,0.4339622641509434,0.48936170212765956,0.46
Backache,RL-DOHO [κ=4],4,0.3366875,0.6659090909090909,19,0.5714285714285714,0.9433962264150944,0.5714285714285714,0.595
Backache,LASSO,4,0.452625,0.5484848484848485,18,0.5714285714285714,0.9433962264150944,0.5714285714285714,0.595
Backache,mRMR,4,0.44542857142857145,0.5563852813852813,20,0.5,0.4351851851851852,0.5,0.46534653465346537
Backache,ReliefF,4,0.45411607142857147,0.5435064935064935,7,0.5714285714285714,0.9433962264150944,0.5714285714285714,0.595
Backache,All features,4,0.49396428571428574,0.5111471861471861,32,0.5714285714285714,0.9433962264150944,0.5714285714285714,0.595
Backache,RL-DOHO,5,0.3411875,0.6575757575757576,7,0.6141304347826086,0.7745098039215685,0.6141304347826086,0.6457357075913777
Backache,DO,5,0.398,0.603030303030303,16,0.5407608695652174,0.5980392156862745,0.5407608695652174,0.5445173383317713
Backache,HO,5,0.3569375000000001,0.6416666666666666,7,0.5923913043478262,0.6387755102040816,0.5923913043478262,0.6064777327935222
Backache,DOHO,5,0.35783928571428575,0.642965367965368,14,0.5407608695652174,0.5980392156862745,0.5407608695652174,0.5445173383317713
Backache,GA,5,0.3204285714285715,0.6813852813852813,16,0.6032608695652174,0.69,0.6032608695652174,0.625
Backache,BPSO,5,0.33320535714285726,0.6675324675324674,13,0.5407608695652174,0.5980392156862745,0.5407608695652174,0.5445173383317713
Backache,BGWO,5,0.3327767857142857,0.667965367965368,13,0.6032608695652174,0.69,0.6032608695652174,0.625
Backache,GA+SI,5,0.3490535714285714,0.6518398268398269,14,0.5815217391304348,0.6041666666666666,0.5815217391304348,0.5896656534954408
Backache,HO+SI,5,0.337,0.6621212121212121,8,0.5923913043478262,0.6387755102040816,0.5923913043478262,0.6064777327935222
Backache,RL-DOHO [Q-learning],5,0.3416875,0.6583333333333333,11,0.5407608695652174,0.5980392156862745,0.5407608695652174,0.5445173383317713
Backache,RL-DOHO [random arm],5,0.3639375,0.6371212121212121,15,0.5190217391304348,0.5285714285714286,0.5190217391304348,0.5190283400809717
Backache,RL-DOHO [PERTURB only],5,0.2985267857142857,0.7012987012987013,9,0.5298913043478262,0.5549999999999999,0.5298913043478262,0.53125
Backache,RL-DOHO [no intervention],5,0.398,0.603030303030303,16,0.5407608695652174,0.5980392156862745,0.5407608695652174,0.5445173383317713
Backache,RL-DOHO [κ=1],5,0.34631249999999997,0.6530303030303031,9,0.5407608695652174,0.5980392156862745,0.5407608695652174,0.5445173383317713
Backache,RL-DOHO [κ=3],5,0.3508125,0.6484848484848484,9,0.5407608695652174,0.5980392156862745,0.5407608695652174,0.5445173383317713
Backache,RL-DOHO [κ=4],5,0.3317410714285713,0.6677489177489179,9,0.5081521739130435,0.5104166666666666,0.5081521739130435,0.5075987841945289
Backache,LASSO,5,0.4065625,0.5909090909090909,5,0.4782608695652174,0.4230769230769231,0.4782608695652174,0.4489795918367347
Backache,mRMR,5,0.36646428571428574,0.6323593073593073,8,0.5923913043478262,0.6387755102040816,0.5923913043478262,0.6064777327935222
Backache,ReliefF,5,0.4156250000000001,0.5833333333333333,10,0.4782608695652174,0.4230769230769231,0.4782608695652174,0.4489795918367347
Backache,All features,5,0.42699999999999994,0.5787878787878789,32,0.5625,0.9339622641509434,0.5625,0.5757575757575757
Backache,RL-DOHO,6,0.2908660714285714,0.710930735930736,15,0.4969604863221885,0.49728260869565216,0.4969604863221885,0.4967741935483871
Backache,DO,6,0.35340178571428577,0.649025974025974,19,0.6003039513677811,0.6145833333333334,0.6003039513677811,0.6064777327935222
Backache,HO,6,0.33031250000000006,0.6704545454545454,13,0.560790273556231,0.6923076923076923,0.560790273556231,0.5757575757575757
Backache,DOHO,6,0.3400267857142856,0.6656926406926408,29,0.6109422492401215,0.6489795918367347,0.6109422492401215,0.625
Backache,GA,6,0.22305357142857132,0.7791125541125542,14,0.6398176291793313,0.6045454545454545,0.6398176291793313,0.6160310277957337
Backache,BPSO,6,0.25499107142857136,0.7465367965367966,13,0.486322188449848,0.48888888888888893,0.486322188449848,0.48641304347826086
Backache,BGWO,6,0.32581250000000006,0.6749999999999999,13,0.560790273556231,0.6923076923076923,0.560790273556231,0.5757575757575757
Backache,GA+SI,6,0.22242857142857134,0.7791125541125542,12,0.6398176291793313,0.6045454545454545,0.6398176291793313,0.6160310277957337
Backache,HO+SI,6,0.30174107142857143,0.698051948051948,9,0.547112462006079,0.53276955602537,0.547112462006079,0.5333333333333333
Backache,RL-DOHO [Q-learning],6,0.2830267857142858,0.7156926406926406,5,0.5395136778115501,0.565,0.5395136778115501,0.5445173383317713
Backache,RL-DOHO [random arm],6,0.27233035714285714,0.7296536796536797,15,0.5896656534954408,0.5896656534954408,0.5896656534954408,0.5896656534954408
Backache,RL-DOHO [PERTURB only],6,0.2855267857142857,0.7156926406926407,13,0.5501519756838906,0.6078431372549019,0.5501519756838906,0.5591836734693878
Backache,RL-DOHO [no intervention],6,0.35405357142857147,0.648051948051948,18,0.48936170212765956,0.4339622641509434,0.48936170212765956,0.46
Backache,RL-DOHO [κ=1],6,0.2905535714285714,0.710930735930736,14,0.5577507598784195,0.5431818181818182,0.5577507598784195,0.5462184873949579
Backache,RL-DOHO [κ=3],6,0.30043749999999997,0.7037878787878789,23,0.5501519756838906,0.6078431372549019,0.5501519756838906,0.5591836734693878
Backache,RL-DOHO [κ=4],6,0.3124642857142857,0.6869047619047619,8,0.5182370820668692,0.5208333333333334,0.5182370820668692,0.5190283400809717
Backache,LASSO,6,0.32154464285714285,0.6786796536796537,11,0.4969604863221885,0.49728260869565216,0.4969604863221885,0.4967741935483871
Backache,mRMR,6,0.3011428571428572,0.697077922077922,4,0.5075987841945289,0.5075987841945289,0.5075987841945289,0.5075987841945289
Backache,ReliefF,6,0.3744285714285714,0.6230519480519481,4,0.5075987841945289,0.5075987841945289,0.5075987841945289,0.5075987841945289
Backache,All features,6,0.4611785714285715,0.5442640692640692,32,0.5501519756838906,0.6078431372549019,0.5501519756838906,0.5591836734693878
Backache,RL-DOHO,7,0.3164375,0.6825757575757576,7,0.5625,0.9339622641509434,0.5625,0.5757575757575757
Backache,DO,7,0.4101875000000001,0.5916666666666666,19,0.5,0.42592592592592593,0.5,0.46
Backache,HO,7,0.2848392857142857,0.7141774891774892,6,0.5298913043478262,0.5549999999999999,0.5298913043478262,0.53125
Backache,DOHO,7,0.36418750000000005,0.6356060606060605,11,0.5923913043478262,0.6387755102040816,0.5923913043478262,0.6064777327935222
Backache,GA,7,0.30683928571428576,0.6944805194805195,14,0.5298913043478262,0.5549999999999999,0.5298913043478262,0.53125
Backache,BPSO,7,0.2876517857142857,0.7141774891774892,15,0.5407608695652174,0.5980392156862745,0.5407608695652174,0.5445173383317713
Backache,BGWO,7,0.2902767857142856,0.7096320346320347,9,0.5298913043478262,0.5549999999999999,0.5298913043478262,0.53125
Backache,GA+SI,7,0.30683928571428576,0.6944805194805195,14,0.5298913043478262,0.5549999999999999,0.5298913043478262,0.53125
Backache,HO+SI,7,0.33075,0.6696969696969697,12,0.5516304347826086,0.6826923076923077,0.5516304347826086,0.5591836734693878
Backache,RL-DOHO [Q-learning],7,0.3082410714285713,0.6927489177489179,13,0.6548913043478262,0.6979166666666667,0.6548913043478262,0.6717325227963525
Backache,RL-DOHO [random arm],7,0.29356249999999995,0.7075757575757576,13,0.5407608695652174,0.5980392156862745,0.5407608695652174,0.5445173383317713
Backache,RL-DOHO [PERTURB only],7,0.2777142857142857,0.7232683982683983,12,0.5516304347826086,0.6826923076923077,0.5516304347826086,0.5591836734693878
Backache,RL-DOHO [no intervention],7,0.4101875000000001,0.5916666666666666,19,0.5,0.42592592592592593,0.5,0.46
Backache,RL-DOHO [κ=1],7,0.3089375,0.6901515151515152,7,0.5407608695652174,0.5980392156862745,0.5407608695652174,0.5445173383317713
Backache,RL-DOHO [κ=3],7,0.31908928571428574,0.6808441558441558,10,0.5407608695652174,0.5980392156862745,0.5407608695652174,0.5445173383317713
Backache,RL-DOHO [κ=4],7,0.3396517857142858,0.6603896103896103,11,0.4673913043478261,0.4215686274509804,0.4673913043478261,0.44329896907216493
Backache,LASSO,7,0.3819375,0.6151515151515151,3,0.5190217391304348,0.5285714285714286,0.5190217391304348,0.5190283400809717
Backache,mRMR,7,0.41431250000000003,0.5818181818181818,1,0.5,0.42592592592592593,0.5,0.46
Backache,ReliefF,7,0.31315178571428565,0.6846320346320347,3,0.5516304347826086,0.6826923076923077,0.5516304347826086,0.5591836734693878
Backache,All features,7,0.5185000000000001,0.48636363636363633,32,0.5516304347826086,0.6826923076923077,0.5516304347826086,0.5591836734693878
Backache,RL-DOHO,8,0.31675,0.6825757575757576,8,0.6141304347826086,0.7745098039215685,0.6141304347826086,0.6457357075913777
Backache,DO,8,0.3410000000000001,0.6606060606060605,16,0.5407608695652174,0.5980392156862745,0.5407608695652174,0.5445173383317713
Backache,HO,8,0.32343749999999993,0.6818181818181819,27,0.5407608695652174,0.5980392156862745,0.5407608695652174,0.5445173383317713
Backache,DOHO,8,0.33493749999999994,0.6651515151515152,11,0.4673913043478261,0.4215686274509804,0.4673913043478261,0.44329896907216493
Backache,GA,8,0.27737500000000015,0.7242424242424241,14,0.5516304347826086,0.6826923076923077,0.5516304347826086,0.5591836734693878
Backache,BPSO,8,0.2873125,0.7151515151515151,17,0.6032608695652174,0.69,0.6032608695652174,0.625
Backache,BGWO,8,0.2767500000000001,0.7242424242424241,12,0.5516304347826086,0.6826923076923077,0.5516304347826086,0.5591836734693878
Backache,GA+SI,8,0.25168750000000006,0.7492424242424242,11,0.6141304347826086,0.7745098039215685,0.6141304347826086,0.6457357075913777
Backache,HO+SI,8,0.2789642857142857,0.7232683982683983,16,0.5625,0.9339622641509434,0.5625,0.5757575757575757
Backache,RL-DOHO [Q-learning],8,0.29171428571428576,0.7103896103896103,16,0.5516304347826086,0.6826923076923077,0.5516304347826086,0.5591836734693878
Backache,RL-DOHO [random arm],8,0.3088125000000001,0.6909090909090908,9,0.4782608695652174,0.4230769230769231,0.4782608695652174,0.4489795918367347
Backache,RL-DOHO [PERTURB only],8,0.26943750000000005,0.7325757575757575,15,0.5625,0.9339622641509434,0.5625,0.5757575757575757
Backache,RL-DOHO [no intervention],8,0.3410000000000001,0.6606060606060605,16,0.5407608695652174,0.5980392156862745,0.5407608695652174,0.5445173383317713
Backache,RL-DOHO [κ=1],8,0.29406250000000006,0.7083333333333333,17,0.6141304347826086,0.7745098039215685,0.6141304347826086,0.6457357075913777
Backache,RL-DOHO [κ=3],8,0.30631250000000004,0.6946969696969697,13,0.5407608695652174,0.5980392156862745,0.5407608695652174,0.5445173383317713
Backache,RL-DOHO [κ=4],8,0.306,0.6946969696969697,12,0.5407608695652174,0.5980392156862745,0.5407608695652174,0.5445173383317713
Backache,LASSO,8,0.37900000000000006,0.6272727272727272,32,0.5407608695652174,0.5980392156862745,0.5407608695652174,0.5445173383317713
Backache,mRMR,8,0.37900000000000006,0.6272727272727272,32,0.5407608695652174,0.5980392156862745,0.5407608695652174,0.5445173383317713
Backache,ReliefF,8,0.372625,0.6318181818181818,26,0.5407608695652174,0.5980392156862745,0.5407608695652174,0.5445173383317713
Backache,All features,8,0.37900000000000006,0.6272727272727272,32,0.5407608695652174,0.5980392156862745,0.5407608695652174,0.5445173383317713
Backache,RL-DOHO,9,0.3267767857142857,0.6740259740259741,13,0.5501519756838906,0.6078431372549019,0.5501519756838906,0.5591836734693878
Backache,DO,9,0.39777678571428576,0.6035714285714285,17,0.560790273556231,0.6923076923076923,0.560790273556231,0.5757575757575757
Backache,HO,9,0.31287499999999996,0.6871212121212121,10,0.5182370820668692,0.5208333333333334,0.5182370820668692,0.5190283400809717
Backache,DOHO,9,0.35006250000000005,0.6492424242424242,9,0.6322188449848024,0.7843137254901961,0.6322188449848024,0.6693877551020408
Backache,GA,9,0.3188392857142857,0.6823593073593074,14,0.46808510638297873,0.43137254901960786,0.46808510638297873,0.4489795918367347
Backache,BPSO,9,0.3379375,0.6621212121212121,11,0.46808510638297873,0.43137254901960786,0.46808510638297873,0.4489795918367347
Backache,BGWO,9,0.34515178571428573,0.6535714285714286,7,0.5501519756838906,0.6078431372549019,0.5501519756838906,0.5591836734693878
Backache,GA+SI,9,0.32292857142857134,0.6775974025974026,12,0.46808510638297873,0.43137254901960786,0.46808510638297873,0.4489795918367347
Backache,HO+SI,9,0.29543749999999996,0.7037878787878789,7,0.5288753799392097,0.5387755102040817,0.5288753799392097,0.53125
Backache,RL-DOHO [Q-learning],9,0.3417142857142857,0.6573593073593074,8,0.5288753799392097,0.5387755102040817,0.5288753799392097,0.53125
Backache,RL-DOHO [random arm],9,0.3244910714285714,0.6738095238095239,5,0.5501519756838906,0.6078431372549019,0.5501519756838906,0.5591836734693878
Backache,RL-DOHO [PERTURB only],9,0.3268750000000001,0.6742424242424242,14,0.46808510638297873,0.43137254901960786,0.46808510638297873,0.4489795918367347
Backache,RL-DOHO [no intervention],9,0.39777678571428576,0.6035714285714285,17,0.560790273556231,0.6923076923076923,0.560790273556231,0.5757575757575757
Backache,RL-DOHO [κ=1],9,0.26475,0.7363636363636363,12,0.5288753799392097,0.5387755102040817,0.5288753799392097,0.53125
Backache,RL-DOHO [κ=3],9,0.3290624999999999,0.6704545454545455,9,0.621580547112462,0.7,0.621580547112462,0.6457357075913777
Backache,RL-DOHO [κ=4],9,0.36518750000000005,0.6333333333333333,7,0.4574468085106383,0.43,0.4574468085106383,0.44329896907216493
Backache,LASSO,9,0.4001428571428572,0.597077922077922,4,0.5182370820668692,0.5208333333333334,0.5182370820668692,0.5190283400809717
Backache,mRMR,9,0.45331249999999995,0.55,25,0.4787234042553192,0.4326923076923077,0.4787234042553192,0.45454545454545453
Backache,ReliefF,9,0.41856250000000006,0.5787878787878787,5,0.44680851063829785,0.42857142857142855,0.44680851063829785,0.4375
Backache,All features,9,0.4599999999999999,0.5454545454545455,32,0.48936170212765956,0.4339622641509434,0.48936170212765956,0.46
colon,RL-DOHO,0,0.13761000000000007,0.861111111111111,22,0.7368421052631579,0.717948717948718,0.7023809523809523,0.7076923076923077
colon,DO,0,0.14388000000000004,0.8555555555555555,176,0.8421052631578947,0.9,0.7857142857142857,0.8080808080808081
colon,HO,0,0.09132500000000013,0.9083333333333332,115,0.7894736842105263,0.7928571428571429,0.7440476190476191,0.7564102564102564
colon,DOHO,0,0.11919500000000002,0.8805555555555555,189,0.7894736842105263,0.875,0.7142857142857143,0.7285714285714285
colon,GA,0,0.047194999999999945,0.9527777777777778,89,0.8421052631578947,0.9,0.7857142857142857,0.8080808080808081
colon,BPSO,0,0.1576350000000001,0.8416666666666666,177,0.8421052631578947,0.8397435897435898,0.8154761904761905,0.8246153846153846
colon,BGWO,0,0.07375499999999996,0.9277777777777778,451,0.8947368421052632,0.8869047619047619,0.8869047619047619,0.8869047619047619
colon,RL-DOHO,1,0.0664100000000001,0.9333333333333332,82,0.631578947368421,0.6388888888888888,0.6488095238095238,0.6274509803921569
colon,DO,1,0.06930499999999998,0.9305555555555556,111,0.5789473684210527,0.5722222222222222,0.5773809523809523,0.5681818181818181
colon,HO,1,0.0664650000000001,0.9333333333333332,93,0.5263157894736842,0.47435897435897434,0.47619047619047616,0.47384615384615386
colon,DOHO,1,0.09116000000000012,0.9083333333333332,82,0.5263157894736842,0.5056818181818181,0.5059523809523809,0.5043478260869565
colon,GA,1,0.04433500000000006,0.9555555555555555,67,0.7368421052631579,0.7215909090909092,0.7321428571428572,0.7246376811594203
colon,BPSO,1,0.09177000000000013,0.9083333333333332,204,0.5789473684210527,0.5722222222222222,0.5773809523809523,0.5681818181818181
colon,BGWO,1,0.024164999999999923,0.9777777777777779,433,0.5789473684210527,0.5476190476190476,0.5476190476190476,0.5476190476190476
colon,RL-DOHO,2,0.093795,0.9055555555555556,59,0.8947368421052632,0.8869047619047619,0.8869047619047619,0.8869047619047619
colon,DO,2,0.09379,0.9055555555555556,58,0.7894736842105263,0.7738095238095238,0.7738095238095238,0.7738095238095238
colon,HO,2,0.09119500000000012,0.9083333333333332,89,0.7368421052631579,0.7215909090909092,0.7321428571428572,0.7246376811594203
colon,DOHO,2,0.093795,0.9055555555555556,59,0.8947368421052632,0.8869047619047619,0.8869047619047619,0.8869047619047619
colon,GA,2,0.04420000000000006,0.9555555555555555,40,0.7368421052631579,0.717948717948718,0.7023809523809523,0.7076923076923077
colon,BPSO,2,0.11896000000000002,0.8805555555555555,142,0.8421052631578947,0.8397435897435898,0.8154761904761905,0.8246153846153846
colon,BGWO,2,0.09518,0.9055555555555556,336,0.6842105263157895,0.6607142857142857,0.6607142857142857,0.6607142857142857
colon,RL-DOHO,3,0.09433,0.9055555555555556,166,0.6842105263157895,0.6607142857142857,0.6607142857142857,0.6607142857142857
colon,DO,3,0.20634500000000006,0.7916666666666666,19,0.631578947368421,0.5833333333333333,0.5595238095238095,0.5521885521885521
colon,HO,3,0.11844000000000002,0.8805555555555555,38,0.7894736842105263,0.7738095238095238,0.7738095238095238,0.7738095238095238
colon,DOHO,3,0.1627850000000001,0.836111111111111,107,0.8421052631578947,0.8397435897435898,0.8154761904761905,0.8246153846153846
colon,GA,3,0.07181499999999996,0.9277777777777778,63,0.7368421052631579,0.7215909090909092,0.7321428571428572,0.7246376811594203
colon,BPSO,3,0.1640400000000001,0.836111111111111,358,0.7894736842105263,0.7928571428571429,0.7440476190476191,0.7564102564102564
colon,BGWO,3,0.11746000000000015,0.8833333333333332,392,0.7368421052631579,0.717948717948718,0.7023809523809523,0.7076923076923077
colon,RL-DOHO,4,0.11299500000000004,0.8861111111111111,49,0.7894736842105263,0.7833333333333333,0.8035714285714286,0.7840909090909092
colon,DO,4,0.15989499999999998,0.8388888888888889,79,0.6842105263157895,0.6607142857142857,0.6607142857142857,0.6607142857142857
colon,HO,4,0.11562000000000014,0.8833333333333332,24,0.7894736842105263,0.7738095238095238,0.7738095238095238,0.7738095238095238
colon,DOHO,4,0.11306500000000004,0.8861111111111111,63,0.6842105263157895,0.6607142857142857,0.6607142857142857,0.6607142857142857
colon,GA,4,0.11316500000000004,0.8861111111111111,83,0.8947368421052632,0.8888888888888888,0.9166666666666667,0.8920454545454546
colon,BPSO,4,0.1599,0.8388888888888889,80,0.6842105263157895,0.6607142857142857,0.6607142857142857,0.6607142857142857
colon,BGWO,4,0.14228000000000016,0.8583333333333332,406,0.8421052631578947,0.8295454545454546,0.8452380952380952,0.8347826086956522
colon,RL-DOHO,5,0.04427000000000006,0.9555555555555555,54,0.5789473684210527,0.5722222222222222,0.5773809523809523,0.5681818181818181
colon,DO,5,0.11310500000000004,0.8861111111111111,71,0.6842105263157895,0.6607142857142857,0.6607142857142857,0.6607142857142857
colon,HO,5,0.06901499999999998,0.9305555555555556,53,0.631578947368421,0.6388888888888888,0.6488095238095238,0.6274509803921569
colon,DOHO,5,0.0662800000000001,0.9333333333333332,56,0.5263157894736842,0.5333333333333333,0.5357142857142857,0.5210084033613445
colon,GA,5,0.06908999999999998,0.9305555555555556,68,0.6842105263157895,0.6571428571428571,0.6309523809523809,0.6346153846153846
colon,BPSO,5,0.13597499999999996,0.8638888888888889,245,0.6842105263157895,0.6777777777777778,0.6904761904761905,0.6761363636363636
colon,BGWO,5,0.11719500000000015,0.8833333333333332,339,0.6842105263157895,0.6777777777777778,0.6904761904761905,0.6761363636363636
colon,RL-DOHO,6,0.06910999999999998,0.9305555555555556,72,0.7894736842105263,0.875,0.7142857142857143,0.7285714285714285
colon,DO,6,0.09388,0.9055555555555556,76,0.6842105263157895,0.6571428571428571,0.6309523809523809,0.6346153846153846
colon,HO,6,0.046839999999999944,0.9527777777777778,18,0.7368421052631579,0.7416666666666667,0.6726190476190476,0.6801346801346801
colon,DOHO,6,0.06891499999999998,0.9305555555555556,33,0.631578947368421,0.5833333333333333,0.5595238095238095,0.5521885521885521
colon,GA,6,0.047159999999999945,0.9527777777777778,82,0.6842105263157895,0.6770833333333333,0.6011904761904762,0.5928571428571429
colon,BPSO,6,0.07077499999999998,0.9305555555555556,405,0.7368421052631579,0.7416666666666667,0.6726190476190476,0.6801346801346801
colon,BGWO,6,0.07351999999999996,0.9277777777777778,404,0.7368421052631579,0.7416666666666667,0.6726190476190476,0.6801346801346801
colon,RL-DOHO,7,0.07162499999999997,0.9277777777777778,25,0.8947368421052632,0.9285714285714286,0.8571428571428572,0.8782051282051282
colon,DO,7,0.11288500000000004,0.8861111111111111,27,0.7894736842105263,0.7928571428571429,0.7440476190476191,0.7564102564102564
colon,HO,7,0.11564500000000015,0.8833333333333332,29,0.8421052631578947,0.8397435897435898,0.8154761904761905,0.8246153846153846
colon,DOHO,7,0.14311000000000004,0.8555555555555555,22,0.7894736842105263,0.875,0.7142857142857143,0.7285714285714285
colon,GA,7,0.07168499999999997,0.9277777777777778,37,0.7894736842105263,0.7738095238095238,0.7738095238095238,0.7738095238095238
colon,BPSO,7,0.187965,0.8111111111111111,193,0.7368421052631579,0.7416666666666667,0.6726190476190476,0.6801346801346801
colon,BGWO,7,0.1229449999999999,0.8777777777777779,389,0.8947368421052632,0.8869047619047619,0.8869047619047619,0.8869047619047619
colon,RL-DOHO,8,0.04682999999999994,0.9527777777777778,16,0.7368421052631579,0.717948717948718,0.7023809523809523,0.7076923076923077
colon,DO,8,0.11833000000000002,0.8805555555555555,16,0.7894736842105263,0.875,0.7142857142857143,0.7285714285714285
colon,HO,8,0.09356,0.9055555555555556,12,0.7368421052631579,0.8529411764705883,0.6428571428571428,0.6360153256704981
colon,DOHO,8,0.11833000000000002,0.8805555555555555,16,0.8421052631578947,0.9,0.7857142857142857,0.8080808080808081
colon,GA,8,0.046924999999999946,0.9527777777777778,35,0.8947368421052632,0.9285714285714286,0.8571428571428572,0.8782051282051282
colon,BPSO,8,0.14385500000000004,0.8555555555555555,171,0.7894736842105263,0.875,0.7142857142857143,0.7285714285714285
colon,BGWO,8,0.14213000000000015,0.8583333333333332,376,0.7894736842105263,0.7928571428571429,0.7440476190476191,0.7564102564102564
colon,RL-DOHO,9,0.093665,0.9055555555555556,33,0.631578947368421,0.6136363636363636,0.6190476190476191,0.6144927536231883
colon,DO,9,0.15985499999999997,0.8388888888888889,71,0.631578947368421,0.6136363636363636,0.6190476190476191,0.6144927536231883
colon,HO,9,0.09153500000000012,0.9083333333333332,157,0.5263157894736842,0.47435897435897434,0.47619047619047616,0.47384615384615386
colon,DOHO,9,0.13205000000000008,0.8666666666666666,10,0.5789473684210527,0.6474358974358975,0.6369047619047619,0.5777777777777777
colon,GA,9,0.06904999999999997,0.9305555555555556,60,0.631578947368421,0.6136363636363636,0.6190476190476191,0.6144927536231883
colon,BPSO,9,0.13956000000000007,0.861111111111111,412,0.6842105263157895,0.6607142857142857,0.6607142857142857,0.6607142857142857
colon,BGWO,9,0.095345,0.9055555555555556,369,0.6842105263157895,0.6607142857142857,0.6607142857142857,0.6607142857142857
ALLAML,RL-DOHO,0,0.07933886940664875,0.9200000000000002,99,0.9090909090909091,0.9375,0.875,0.8952380952380952
ALLAML,DO,0,0.17845950343666708,0.8200000000000001,185,0.8636363636363636,0.861904761904762,0.8392857142857143,0.8482758620689655
ALLAML,HO,0,0.07929257960443245,0.9200000000000002,66,0.8636363636363636,0.861904761904762,0.8392857142857143,0.8482758620689655
ALLAML,DOHO,0,0.13860140272127927,0.86,1,0.8636363636363636,0.9117647058823529,0.8125,0.8362282878411911
ALLAML,GA,0,0.07948475241969406,0.9200000000000002,203,0.9090909090909091,0.9375,0.875,0.8952380952380952
ALLAML,BPSO,0,0.1404193294992284,0.8600000000000001,1297,0.8636363636363636,0.861904761904762,0.8392857142857143,0.8482758620689655
ALLAML,BGWO,0,0.12077643428250817,0.8799999999999999,1409,0.8636363636363636,0.861904761904762,0.8392857142857143,0.8482758620689655
ALLAML,RL-DOHO,1,0.0396336653107028,0.96,24,0.6818181818181818,0.6623931623931625,0.6696428571428572,0.6644880174291938
ALLAML,DO,1,0.05946733062140547,0.9400000000000001,48,0.8181818181818182,0.8035714285714286,0.8035714285714286,0.8035714285714286
ALLAML,HO,1,0.059425248983027014,0.9400000000000001,18,0.6363636363636364,0.5833333333333333,0.5535714285714286,0.5416666666666666
ALLAML,DOHO,1,0.059460317015009055,0.9400000000000001,43,0.8181818181818182,0.8229166666666667,0.7767857142857143,0.7904761904761906
ALLAML,GA,1,0.03968276055547766,0.96,59,0.7272727272727273,0.7053571428571428,0.7053571428571428,0.7053571428571428
ALLAML,BPSO,1,0.07926592790012632,0.9199999999999999,47,0.7727272727272727,0.7571428571428571,0.7410714285714286,0.7471264367816092
ALLAML,BGWO,1,0.06124037031841767,0.9400000000000001,1312,0.7272727272727273,0.7083333333333333,0.6785714285714286,0.6857142857142857
ALLAML,RL-DOHO,2,1.683265535138168e-05,1.0,12,0.9090909090909091,0.9375,0.875,0.8952380952380952
ALLAML,DO,2,0.15866791976434275,0.8400000000000001,191,0.7727272727272727,0.868421052631579,0.6875,0.696969696969697
ALLAML,HO,2,0.07921823537663074,0.9199999999999999,13,0.8181818181818182,0.8035714285714286,0.8035714285714286,0.8035714285714286
ALLAML,DOHO,2,0.07931081498106334,0.9199999999999999,79,0.8181818181818182,0.8888888888888888,0.75,0.7708333333333333
ALLAML,GA,2,0.07970077149670368,0.9199999999999999,357,0.8181818181818182,0.8888888888888888,0.75,0.7708333333333333
ALLAML,BPSO,2,0.139933987936597,0.86,951,0.7727272727272727,0.868421052631579,0.6875,0.696969696969697
ALLAML,BGWO,2,0.12073014448029164,0.8800000000000001,1376,0.7727272727272727,0.868421052631579,0.6875,0.696969696969697
ALLAML,RL-DOHO,3,0.03962384626174783,0.96,17,0.7727272727272727,0.7823529411764706,0.7142857142857143,0.7270471464019852
ALLAML,DO,3,0.03962384626174783,0.96,17,0.8181818181818182,0.8229166666666667,0.7767857142857143,0.7904761904761906
ALLAML,HO,3,0.05947013606396403,0.9400000000000001,50,0.9090909090909091,0.9375,0.875,0.8952380952380952
ALLAML,DOHO,3,0.059422443540468446,0.9400000000000001,16,0.8636363636363636,0.9117647058823529,0.8125,0.8362282878411911
ALLAML,GA,3,0.0397725347173517,0.96,123,0.9090909090909091,0.9017857142857143,0.9017857142857143,0.9017857142857143
ALLAML,BPSO,3,0.1394177865058213,0.86,583,0.9545454545454546,0.9666666666666667,0.9375,0.9494252873563218
ALLAML,BGWO,3,0.100787066909805,0.9,1274,0.8636363636363636,0.9117647058823529,0.8125,0.8362282878411911
ALLAML,RL-DOHO,4,0.05978434563052316,0.9400000000000001,274,0.7727272727272727,0.868421052631579,0.6875,0.696969696969697
ALLAML,DO,4,0.09950918782437927,0.9,363,0.7727272727272727,0.868421052631579,0.6875,0.696969696969697
ALLAML,HO,4,0.019860317015009024,0.9800000000000001,43,0.6818181818181818,0.6529411764705882,0.6160714285714286,0.6178660049627791
ALLAML,DOHO,4,0.0596033945854958,0.9400000000000001,145,0.7727272727272727,0.868421052631579,0.6875,0.696969696969697
ALLAML,GA,4,0.07956751297517191,0.9199999999999999,262,0.7727272727272727,0.868421052631579,0.6875,0.696969696969697
ALLAML,BPSO,4,0.09951620143077568,0.9,368,0.7727272727272727,0.868421052631579,0.6875,0.696969696969697
ALLAML,BGWO,4,0.0810558002524899,0.9199999999999999,1323,0.7727272727272727,0.868421052631579,0.6875,0.696969696969697
ALLAML,RL-DOHO,5,0.039654706129892026,0.96,39,0.8181818181818182,0.8888888888888888,0.75,0.7708333333333333
ALLAML,DO,5,0.11902303268340568,0.8800000000000001,159,0.7727272727272727,0.7823529411764706,0.7142857142857143,0.7270471464019852
ALLAML,HO,5,0.09914307757048672,0.9,102,0.8636363636363636,0.9117647058823529,0.8125,0.8362282878411911
ALLAML,DOHO,5,0.07934307757048682,0.9199999999999999,102,0.8181818181818182,0.8229166666666667,0.7767857142857143,0.7904761904761906
ALLAML,GA,5,0.0596188245195679,0.9400000000000001,156,0.8181818181818182,0.8888888888888888,0.75,0.7708333333333333
ALLAML,BPSO,5,0.11902303268340568,0.8800000000000001,159,0.7727272727272727,0.7823529411764706,0.7142857142857143,0.7270471464019852
ALLAML,BGWO,5,0.10111810913171551,0.9,1510,0.9090909090909091,0.9375,0.875,0.8952380952380952
ALLAML,RL-DOHO,6,0.05947574694908116,0.9400000000000001,54,0.7727272727272727,0.868421052631579,0.6875,0.696969696969697
ALLAML,DO,6,0.05949398232571182,0.9400000000000001,67,0.7272727272727273,0.7361111111111112,0.6517857142857143,0.65625
ALLAML,HO,6,0.059449095244774805,0.9400000000000001,35,0.6818181818181818,0.6529411764705882,0.6160714285714286,0.6178660049627791
ALLAML,DOHO,6,0.05949398232571182,0.9400000000000001,67,0.7272727272727273,0.7361111111111112,0.6517857142857143,0.65625
ALLAML,GA,6,0.019895385046991072,0.9800000000000001,68,0.8181818181818182,0.8229166666666667,0.7767857142857143,0.7904761904761906
ALLAML,BPSO,6,0.0613694206761116,0.9400000000000001,1404,0.7727272727272727,0.868421052631579,0.6875,0.696969696969697
ALLAML,BGWO,6,0.061144985271426505,0.9400000000000001,1244,0.8181818181818182,0.8888888888888888,0.75,0.7708333333333333
ALLAML,RL-DOHO,7,0.059506606817225575,0.9399999999999998,76,1.0,1.0,1.0,1.0
ALLAML,DO,7,0.0990757469490812,0.9,54,0.8636363636363636,0.861904761904762,0.8392857142857143,0.8482758620689655
ALLAML,HO,7,0.05950660681722535,0.9400000000000001,76,0.9090909090909091,0.9017857142857143,0.9017857142857143,0.9017857142857143
ALLAML,DOHO,7,0.09907714967036048,0.9,55,0.8181818181818182,0.8229166666666667,0.7767857142857143,0.7904761904761906
ALLAML,GA,7,0.03969819048954976,0.96,70,0.9545454545454546,0.9444444444444444,0.9642857142857143,0.9520697167755992
ALLAML,BPSO,7,0.12206834058072649,0.8800000000000001,2330,0.9090909090909091,0.9017857142857143,0.9017857142857143,0.9017857142857143
ALLAML,BGWO,7,0.081225529527283,0.9199999999999999,1444,0.9090909090909091,0.9017857142857143,0.9017857142857143,0.9017857142857143
ALLAML,RL-DOHO,8,0.0792350680319819,0.9200000000000002,25,0.8636363636363636,0.9117647058823529,0.8125,0.8362282878411911
ALLAML,DO,8,0.07923787347454046,0.9200000000000002,27,0.8636363636363636,0.9117647058823529,0.8125,0.8362282878411911
ALLAML,HO,8,0.03961542993407214,0.96,11,0.8636363636363636,0.9117647058823529,0.8125,0.8362282878411911
ALLAML,DOHO,8,0.07923647075326118,0.9200000000000002,26,0.8636363636363636,0.9117647058823529,0.8125,0.8362282878411911
ALLAML,GA,8,0.019952896619441624,0.9800000000000001,109,0.9545454545454546,0.9666666666666667,0.9375,0.9494252873563218
ALLAML,BPSO,8,0.11883647075326143,0.8799999999999999,26,0.8636363636363636,0.9117647058823529,0.8125,0.8362282878411911
ALLAML,BGWO,8,0.08119747510169736,0.9199999999999999,1424,0.8636363636363636,0.9117647058823529,0.8125,0.8362282878411911
ALLAML,RL-DOHO,9,0.05941262449151347,0.9400000000000001,9,0.8181818181818182,0.8888888888888888,0.75,0.7708333333333333
ALLAML,DO,9,0.15845891429372977,0.8400000000000001,42,0.7727272727272727,0.7823529411764706,0.7142857142857143,0.7270471464019852
ALLAML,HO,9,0.03962104081918927,0.96,15,0.7727272727272727,0.7823529411764706,0.7142857142857143,0.7270471464019852
ALLAML,DOHO,9,0.07930800953850478,0.9199999999999999,77,0.7272727272727273,0.7361111111111112,0.6517857142857143,0.65625
ALLAML,GA,9,0.07932343947257665,0.9200000000000002,88,0.6818181818181818,0.8333333333333333,0.5625,0.5111111111111111
ALLAML,BPSO,9,0.10227254874456443,0.9,2333,0.7727272727272727,0.868421052631579,0.6875,0.696969696969697
ALLAML,BGWO,9,0.11944945995230735,0.8800000000000001,463,0.7727272727272727,0.868421052631579,0.6875,0.696969696969697
lung,RL-DOHO,0,0.028428345351133893,0.9716748768472907,128,0.8852459016393442,0.924468085106383,0.7152380952380952,0.7842696629213483
lung,DO,0,0.04941388531924515,0.9504926108374384,133,0.9344262295081968,0.9463636363636365,0.8885714285714286,0.9106976744186047
lung,HO,0,0.02987158206610974,0.9716748768472907,606,0.9344262295081968,0.9463636363636365,0.8219047619047618,0.8658491895701198
lung,DOHO,0,0.03532839532614651,0.9647783251231526,152,0.9180327868852459,0.9177922077922078,0.7885714285714285,0.8286463923673228
lung,GA,0,0.014321720092334775,0.9859605911330049,140,0.9016393442622951,0.8422222222222222,0.7552380952380953,0.7818390804597701
lung,BPSO,0,0.030176533756930995,0.9716748768472907,707,0.9016393442622951,0.9382608695652174,0.7552380952380953,0.8130303030303031
lung,BGWO,0,0.029678345351133895,0.9716748768472907,542,0.9180327868852459,0.9422222222222223,0.7885714285714285,0.8418390804597701
lung,RL-DOHO,1,0.03565074010613732,0.9645320197044336,178,0.9508196721311475,0.9573643410852715,0.8619047619047621,0.8899108734402852
lung,DO,1,0.04279233597486975,0.9576354679802955,282,0.9672131147540983,0.990909090909091,0.8666666666666668,0.9105003523608175
lung,HO,1,0.049375356964374895,0.9507389162561577,201,0.9508196721311475,0.7866666666666667,0.7666666666666667,0.7749216300940439
lung,DOHO,1,0.0427319495014398,0.9576354679802955,262,0.9508196721311475,0.7866666666666667,0.7666666666666667,0.7749216300940439
lung,GA,1,0.03558503783822381,0.9647783251231526,237,0.9672131147540983,0.990909090909091,0.8666666666666668,0.9105003523608175
lung,BPSO,1,0.049701443920896635,0.9507389162561577,309,0.9672131147540983,0.990909090909091,0.9333333333333332,0.9553488372093023
lung,BGWO,1,0.04404837462221274,0.9576354679802955,698,0.9508196721311475,0.9573643410852715,0.8619047619047621,0.8899108734402852
lung,RL-DOHO,2,0.03543334880178949,0.9645320197044336,106,0.9180327868852459,0.9422222222222223,0.7885714285714285,0.8418390804597701
lung,DO,2,0.04250175804954655,0.9573891625615765,105,0.9180327868852459,0.9127131782945737,0.8171428571428571,0.8482352941176471
lung,HO,2,0.014711212845957963,0.9859605911330049,269,0.9180327868852459,0.9060465116279071,0.8838095238095238,0.8936898395721926
lung,DOHO,2,0.028455519264177373,0.9716748768472907,137,0.9344262295081968,0.9463636363636365,0.8885714285714286,0.9106976744186047
lung,GA,2,0.028274359843887518,0.9716748768472907,77,0.9016393442622951,0.9,0.8790476190476191,0.8790476190476191
lung,BPSO,2,0.03563636634063927,0.9647783251231526,254,0.9344262295081968,0.917142857142857,0.9238095238095237,0.9177489177489176
lung,BGWO,2,0.02282732740772467,0.9788177339901478,615,0.9344262295081968,0.9463636363636365,0.8885714285714286,0.9106976744186047
lung,RL-DOHO,3,0.03522573832131559,0.9647783251231526,118,0.9016393442622951,0.775,0.6599999999999999,0.6977777777777778
lung,DO,3,0.04964637324195046,0.9504926108374384,210,0.9016393442622951,0.7282608695652174,0.6952380952380952,0.7063636363636363
lung,HO,3,0.028157329073558543,0.9719211822660098,119,0.9344262295081968,0.753030303030303,0.761904761904762,0.7573643410852713
lung,DOHO,3,0.03536462721020448,0.9647783251231526,164,0.9016393442622951,0.7282608695652174,0.6952380952380952,0.7063636363636363
lung,GA,3,0.02852194438495032,0.9716748768472907,159,0.8852459016393442,0.7411347517730497,0.661904761904762,0.6660878447395302
lung,BPSO,3,0.03567561754836873,0.9647783251231526,267,0.9508196721311475,0.9866666666666667,0.8333333333333333,0.8864367816091955
lung,BGWO,3,0.03606885247852263,0.9650246305418719,478,0.9180327868852459,0.9488888888888889,0.7952380952380953,0.8369905956112852
lung,RL-DOHO,4,0.029405883367839787,0.9714285714285715,371,0.9836065573770492,0.9714285714285715,0.9,0.917948717948718
lung,DO,4,0.03607272256728788,0.9642857142857142,237,0.9508196721311475,0.9623376623376624,0.8266666666666665,0.8728935147539799
lung,HO,4,0.029125086266390515,0.9714285714285715,278,0.9672131147540983,0.9428571428571428,0.8952380952380953,0.9001544640098859
lung,DOHO,4,0.03649542788129754,0.9642857142857142,377,0.9508196721311475,0.9623376623376624,0.8333333333333333,0.8732975551580203
lung,GA,4,0.02891675293305718,0.9714285714285715,209,0.9508196721311475,0.9266666666666665,0.8552380952380952,0.8731868131868132
lung,BPSO,4,0.029876897860593412,0.9714285714285715,527,0.9508196721311475,0.9333333333333332,0.8619047619047621,0.8768231768231768
lung,BGWO,4,0.030474723947549933,0.9714285714285715,725,0.9672131147540983,0.9667774086378739,0.8666666666666668,0.8974139585904293
lung,RL-DOHO,5,0.04288291568501468,0.9576354679802955,312,0.9836065573770492,0.9953488372093023,0.9666666666666668,0.9794652406417113
lung,DO,5,0.0430542942814306,0.9573891625615765,288,0.9672131147540983,0.9619047619047618,0.961904761904762,0.9588744588744589
lung,HO,5,0.03579035184788564,0.9647783251231526,305,0.9180327868852459,0.9289036544850499,0.8238095238095238,0.8482352941176471
lung,DOHO,5,0.03555714107232089,0.9645320197044336,147,0.9344262295081968,0.9530303030303031,0.8285714285714286,0.8694855532064836
lung,GA,5,0.021772860593512695,0.9785714285714286,185,0.9508196721311475,0.8619047619047618,0.8619047619047621,0.8588744588744589
lung,BPSO,5,0.030765301872873026,0.9716748768472907,902,0.9508196721311475,0.937979094076655,0.9571428571428571,0.9412559328221979
lung,BGWO,5,0.029974239070940656,0.9716748768472907,640,0.9508196721311475,0.9573643410852715,0.9285714285714285,0.9347593582887701
lung,RL-DOHO,6,0.03679952880702505,0.9650246305418719,720,0.9672131147540983,0.990909090909091,0.9266666666666665,0.9549447968052618
lung,DO,6,0.056772872492325176,0.9435960591133006,309,0.9672131147540983,0.990909090909091,0.9266666666666665,0.9549447968052618
lung,HO,6,0.03556088324885183,0.9647783251231526,229,0.9180327868852459,0.778723404255319,0.6933333333333334,0.726541822721598
lung,DOHO,6,0.03662368518121897,0.9647783251231526,581,0.9836065573770492,0.9953488372093023,0.96,0.9754248366013073
lung,GA,6,0.03535858856286149,0.9647783251231526,162,0.9344262295081968,0.7533333333333333,0.7266666666666667,0.7375478927203065
lung,BPSO,6,0.031237039218485863,0.97192118226601,1139,0.9508196721311475,0.9866666666666667,0.8266666666666665,0.886032741205155
lung,BGWO,6,0.02979078317983852,0.97192118226601,660,0.9180327868852459,0.9787234042553191,0.76,0.8332084893882646
lung,RL-DOHO,7,0.028675207039337375,0.9714285714285715,129,0.9180327868852459,0.9787234042553191,0.76,0.8332084893882646
lung,DO,7,0.05622709776064344,0.9438423645320198,209,0.9836065573770492,0.9953488372093023,0.9666666666666668,0.9794652406417113
lung,HO,7,0.04224885771400018,0.9576354679802955,102,0.9508196721311475,0.9866666666666667,0.8333333333333333,0.8864367816091955
lung,DOHO,7,0.04230622486375864,0.9576354679802955,121,0.9672131147540983,0.990909090909091,0.8666666666666668,0.9105003523608175
lung,GA,7,0.028576292211037274,0.9716748768472907,177,0.9836065573770492,0.9953488372093023,0.9666666666666668,0.9794652406417113
lung,BPSO,7,0.051905550201089876,0.9507389162561577,1039,0.9344262295081968,0.9826086956521738,0.8,0.8575757575757577
lung,BGWO,7,0.0438460799362224,0.9576354679802955,631,0.9344262295081968,0.9826086956521738,0.8,0.8575757575757577
lung,RL-DOHO,8,0.027810829704195426,0.9721674876847292,85,0.8852459016393442,0.6944444444444444,0.6771428571428572,0.6839080459770115
lung,DO,8,0.034973560838628334,0.9652709359605911,196,0.9016393442622951,0.9282608695652174,0.7485714285714286,0.8130303030303031
lung,HO,8,0.02774138525975098,0.9721674876847292,62,0.8852459016393442,0.711111111111111,0.6838095238095238,0.6950191570881226
lung,DOHO,8,0.034843729920753935,0.9652709359605911,153,0.8688524590163934,0.7041666666666666,0.6085714285714285,0.6422222222222222
lung,GA,8,0.03490109707051239,0.9652709359605911,172,0.9344262295081968,0.9826086956521738,0.7933333333333333,0.862020202020202
lung,BPSO,8,0.035631773399014806,0.9652709359605911,414,0.9508196721311475,0.9573643410852715,0.9285714285714285,0.9347593582887701
lung,BGWO,8,0.03600315021060901,0.9652709359605911,537,0.9344262295081968,0.9826086956521738,0.7933333333333333,0.862020202020202
lung,RL-DOHO,9,0.042201271388115434,0.9578817733990148,167,0.9344262295081968,0.9826086956521738,0.8,0.8575757575757577
lung,DO,9,0.04230392839294635,0.9578817733990148,201,0.9508196721311475,0.9866666666666667,0.8333333333333333,0.8864367816091955
lung,HO,9,0.0353593114157207,0.9650246305418719,243,0.9508196721311475,0.9573643410852715,0.8619047619047621,0.8899108734402852
lung,DOHO,9,0.0351147461983294,0.9650246305418719,162,0.9672131147540983,0.990909090909091,0.8666666666666668,0.9105003523608175
lung,GA,9,0.027850080911924896,0.9721674876847292,98,0.9180327868852459,0.9127131782945737,0.8238095238095238,0.8488413547237077
lung,BPSO,9,0.03566426310654196,0.9650246305418719,344,0.9508196721311475,0.9866666666666667,0.8333333333333333,0.8864367816091955
lung,BGWO,9,0.03637984281668688,0.9650246305418719,581,0.9344262295081968,0.9826086956521738,0.8,0.8575757575757577
GLIOMA,RL-DOHO,0,0.141502996327083,0.8571428571428571,33,0.8,0.8125,0.8125,0.7708333333333333
GLIOMA,DO,0,0.16979547651266194,0.8285714285714285,36,0.8,0.7708333333333333,0.8125,0.7803571428571429
GLIOMA,HO,0,0.16979096591275217,0.8285714285714285,34,0.7333333333333333,0.8035714285714286,0.75,0.6892857142857143
GLIOMA,DOHO,0,0.16979547651266194,0.8285714285714285,36,0.8,0.7708333333333333,0.8125,0.7803571428571429
GLIOMA,GA,0,0.11334808943875242,0.8857142857142858,91,0.8666666666666667,0.875,0.875,0.875
GLIOMA,BPSO,0,0.19807893549842123,0.8,35,0.8,0.7708333333333333,0.8125,0.7803571428571429
GLIOMA,BGWO,0,0.19807893549842123,0.8,35,0.8,0.7708333333333333,0.8125,0.7803571428571429
GLIOMA,RL-DOHO,1,0.14152329402667704,0.8571428571428571,42,0.8666666666666667,0.9,0.825,0.8333333333333333
GLIOMA,DO,1,0.19809923319801528,0.8,44,0.8666666666666667,0.9166666666666666,0.9,0.8875
GLIOMA,HO,1,0.1415796765255494,0.8571428571428571,67,0.6666666666666666,0.6916666666666667,0.7125,0.6636904761904762
GLIOMA,DOHO,1,0.16983156131194024,0.8285714285714285,52,0.9333333333333333,0.95,0.95,0.9444444444444444
GLIOMA,GA,1,0.08506237515303823,0.9142857142857143,91,0.8,0.825,0.825,0.7777777777777778
GLIOMA,BPSO,1,0.17226277466331588,0.8285714285714286,1130,0.8,0.8333333333333333,0.8375,0.8017857142857143
GLIOMA,BGWO,1,0.1716155035762613,0.8285714285714286,843,0.8666666666666667,0.8875,0.8875,0.8875
GLIOMA,RL-DOHO,2,0.1414669115278047,0.8571428571428571,17,0.7333333333333333,0.7,0.7,0.7
GLIOMA,DO,2,0.1414669115278047,0.8571428571428571,17,0.6666666666666666,0.6375,0.6375,0.6303571428571428
GLIOMA,HO,2,0.1980586377988272,0.8,26,0.8666666666666667,0.9083333333333333,0.8125,0.8304473304473304
GLIOMA,DOHO,2,0.16974811521360916,0.8285714285714285,15,0.8666666666666667,0.9083333333333333,0.8125,0.8304473304473304
GLIOMA,GA,2,0.05662781107030094,0.9428571428571428,25,0.6666666666666666,0.5785714285714286,0.5625,0.5416666666666666
GLIOMA,BPSO,2,0.2545984921708873,0.7428571428571429,12,0.6666666666666666,0.5375000000000001,0.575,0.5541666666666667
GLIOMA,BGWO,2,0.19946143437077127,0.8,648,0.9333333333333333,0.95,0.875,0.8888888888888888
GLIOMA,RL-DOHO,3,0.16990824151040665,0.8285714285714285,86,0.8,0.7916666666666666,0.825,0.7972222222222222
GLIOMA,DO,3,0.19820072169598552,0.8,89,0.6666666666666666,0.6916666666666667,0.7125,0.6636904761904762
GLIOMA,HO,3,0.14199465171724987,0.8571428571428571,251,0.8666666666666667,0.8666666666666667,0.8875,0.8587301587301587
GLIOMA,DOHO,3,0.169921773310136,0.8285714285714285,92,0.6666666666666666,0.6916666666666667,0.7125,0.6636904761904762
GLIOMA,GA,3,0.11330298343965454,0.8857142857142858,71,0.8666666666666667,0.875,0.875,0.8558441558441559
GLIOMA,BPSO,3,0.19894046008119076,0.8,417,0.8,0.85,0.8125,0.7428571428571429
GLIOMA,BGWO,3,0.17140125008054646,0.8285714285714285,748,0.8666666666666667,0.875,0.875,0.8333333333333333
GLIOMA,RL-DOHO,4,0.16977066821315812,0.8285714285714285,25,0.8,0.8374999999999999,0.7625,0.7763888888888888
GLIOMA,DO,4,0.16977066821315812,0.8285714285714285,25,0.8,0.8374999999999999,0.7625,0.7763888888888888
GLIOMA,HO,4,0.1697774341130228,0.8285714285714285,28,0.8666666666666667,0.9083333333333333,0.8125,0.8304473304473304
GLIOMA,DOHO,4,0.1697751788130679,0.8285714285714285,27,0.8666666666666667,0.9083333333333333,0.8125,0.8304473304473304
GLIOMA,GA,4,0.08494284425542885,0.9142857142857143,38,0.7333333333333333,0.6875,0.6875,0.6826298701298701
GLIOMA,BPSO,4,0.22869211933758615,0.7714285714285715,1067,0.8666666666666667,0.8958333333333334,0.875,0.8790584415584416
GLIOMA,BGWO,4,0.22813506024872734,0.7714285714285715,820,0.9333333333333333,0.9583333333333334,0.9375,0.9415584415584416
GLIOMA,RL-DOHO,5,0.23270655325729747,0.7714285714285715,2847,0.8,0.8452380952380952,0.8125,0.8154761904761906
GLIOMA,DO,5,0.2547631290675947,0.7428571428571428,85,0.8,0.8333333333333334,0.75,0.7689393939393939
GLIOMA,HO,5,0.11320375024163921,0.8857142857142858,27,0.7333333333333333,0.775,0.6875,0.7034632034632035
GLIOMA,DOHO,5,0.1981646368967072,0.8,73,0.7333333333333333,0.7916666666666666,0.7625,0.7711038961038961
GLIOMA,GA,5,0.14177137702171538,0.8571428571428571,152,0.8,0.8333333333333334,0.75,0.7689393939393939
GLIOMA,BPSO,5,0.1716515883755396,0.8285714285714286,859,0.8,0.8452380952380952,0.8125,0.8154761904761906
GLIOMA,BGWO,5,0.19942986017140274,0.8,634,0.8,0.8452380952380952,0.8125,0.8154761904761906
GLIOMA,RL-DOHO,6,0.11320826084154922,0.8857142857142856,29,0.7333333333333333,0.775,0.775,0.775
GLIOMA,DO,6,0.1980563824988723,0.8,25,0.6,0.65,0.65,0.6083333333333333
GLIOMA,HO,6,0.16976390231329333,0.8285714285714286,22,0.8666666666666667,0.8875,0.8875,0.8875
GLIOMA,DOHO,6,0.14147593272762427,0.8571428571428571,21,0.7333333333333333,0.7625,0.7625,0.7208333333333332
GLIOMA,GA,6,0.11329621753978987,0.8857142857142858,68,0.6666666666666666,0.5333333333333333,0.7,0.5694444444444444
GLIOMA,BPSO,6,0.1997816869643662,0.8,790,0.7333333333333333,0.7916666666666666,0.775,0.7208333333333333
GLIOMA,BGWO,6,0.19894948128101034,0.8,421,0.6666666666666666,0.7125,0.7125,0.6666666666666666
GLIOMA,RL-DOHO,7,0.11341123783748946,0.8857142857142858,119,0.8,0.8375,0.8375,0.8333333333333333
GLIOMA,DO,7,0.198552548488949,0.8,245,0.8,0.8041666666666667,0.825,0.8017857142857143
GLIOMA,HO,7,0.1415751659256396,0.8571428571428571,65,0.6666666666666666,0.7125,0.7125,0.6666666666666666
GLIOMA,DOHO,7,0.17020819640440743,0.8285714285714286,219,0.8,0.8333333333333334,0.8125,0.7748917748917749
GLIOMA,GA,7,0.17024428120368573,0.8285714285714286,235,0.8,0.8041666666666667,0.825,0.8017857142857143
GLIOMA,BPSO,7,0.17060287389651388,0.8285714285714286,394,0.8666666666666667,0.875,0.875,0.8558441558441559
GLIOMA,BGWO,7,0.1432621302919003,0.8571428571428571,813,0.8,0.8041666666666667,0.825,0.8017857142857143
GLIOMA,RL-DOHO,8,0.14163380372446685,0.8571428571428571,91,0.6666666666666666,0.7083333333333333,0.7,0.6580086580086579
GLIOMA,DO,8,0.19818267929634636,0.8,81,0.7333333333333333,0.7625,0.7625,0.7208333333333332
GLIOMA,HO,8,0.11331200463947412,0.8857142857142858,75,0.6,0.575,0.575,0.5541666666666667
GLIOMA,DOHO,8,0.1703344932018815,0.8285714285714286,275,0.7333333333333333,0.7625,0.7625,0.7208333333333332
GLIOMA,GA,8,0.11334808943875242,0.8857142857142858,91,0.6666666666666666,0.7375,0.7,0.6303571428571428
GLIOMA,BPSO,8,0.1724477092596172,0.8285714285714286,1212,0.6666666666666666,0.7375,0.7,0.6303571428571428
GLIOMA,BGWO,8,0.14272987950254531,0.8571428571428571,577,0.6666666666666666,0.7375,0.7,0.6303571428571428
GLIOMA,RL-DOHO,9,0.08494058895547396,0.9142857142857143,37,0.8666666666666667,0.9285714285714286,0.875,0.875
GLIOMA,DO,9,0.11323983504091752,0.8857142857142858,43,0.8,0.8785714285714286,0.75,0.7638888888888888
GLIOMA,HO,9,0.16979322121270704,0.8285714285714285,35,0.8,0.8785714285714286,0.75,0.7638888888888888
GLIOMA,DOHO,9,0.16979998711257163,0.8285714285714286,38,0.7333333333333333,0.5952380952380952,0.625,0.5750000000000001
GLIOMA,GA,9,0.1132420903408724,0.8857142857142858,44,0.8,0.625,0.6875,0.6415584415584416
GLIOMA,BPSO,9,0.19881641858367158,0.8,362,1.0,1.0,1.0,1.0
GLIOMA,BGWO,9,0.22636916038404545,0.7714285714285714,37,0.8,0.8785714285714286,0.75,0.7638888888888888
GSE93272,RL-DOHO,0,0.09142599999999998,0.9077777777777778,63,0.8295454545454546,0.8020833333333333,0.8295454545454546,0.8012820512820513
GSE93272,DO,0,0.10146399999999998,0.8977777777777778,132,0.8295454545454546,0.8020833333333333,0.8295454545454546,0.8012820512820513
GSE93272,HO,0,0.08473600000000005,0.9144444444444444,18,0.9,0.8666666666666667,0.9,0.8675213675213675
GSE93272,DOHO,0,0.10479399999999996,0.8944444444444445,147,0.8295454545454546,0.8020833333333333,0.8295454545454546,0.8012820512820513
GSE93272,GA,0,0.09155799999999986,0.9077777777777779,129,0.8545454545454545,0.8277310924369747,0.8545454545454545,0.8324324324324325
GSE93272,BPSO,0,0.11381999999999995,0.8866666666666667,810,0.8045454545454545,0.7791666666666667,0.8045454545454545,0.7703703703703704
GSE93272,BGWO,0,0.10315599999999978,0.897777777777778,978,0.8045454545454545,0.7791666666666667,0.8045454545454545,0.7703703703703704
GSE93272,RL-DOHO,1,0.07267599999999992,0.9266666666666667,38,0.975,0.9583333333333333,0.975,0.9654403567447045
GSE93272,DO,1,0.06387999999999996,0.9355555555555556,40,0.9545454545454546,0.9761904761904762,0.9545454545454546,0.9639953542392566
GSE93272,HO,1,0.10730000000000005,0.8916666666666666,25,0.9295454545454545,0.9295454545454545,0.9295454545454545,0.9295454545454545
GSE93272,DOHO,1,0.04188000000000005,0.9577777777777777,40,0.9545454545454546,0.9761904761904762,0.9545454545454546,0.9639953542392566
GSE93272,GA,1,0.00011599999999999999,1.0,58,0.9090909090909092,0.9545454545454546,0.9090909090909092,0.9261904761904762
GSE93272,BPSO,1,0.129612,0.8705555555555555,731,0.8636363636363636,0.9347826086956521,0.8636363636363636,0.8861689106487147
GSE93272,BGWO,1,0.10914800000000005,0.8916666666666666,949,0.8636363636363636,0.9347826086956521,0.8636363636363636,0.8861689106487147
GSE93272,RL-DOHO,2,0.03087800000000009,0.9688888888888888,39,0.7431818181818182,0.7547619047619047,0.7431818181818182,0.7479674796747967
GSE93272,DO,2,0.10182599999999999,0.8977777777777778,313,0.8136363636363637,0.8285714285714285,0.8136363636363637,0.8199767711962833
GSE93272,HO,2,0.060520000000000004,0.9388888888888889,10,0.8386363636363636,0.8762626262626263,0.8386363636363636,0.8523809523809525
GSE93272,DOHO,2,0.07317400000000014,0.9266666666666665,287,0.8136363636363637,0.8285714285714285,0.8136363636363637,0.8199767711962833
GSE93272,GA,2,0.04210600000000005,0.9577777777777777,153,0.884090909090909,0.9023809523809524,0.884090909090909,0.89198606271777
GSE93272,BPSO,2,0.07715399999999986,0.9255555555555557,1727,0.8136363636363637,0.8285714285714285,0.8136363636363637,0.8199767711962833
GSE93272,BGWO,2,0.05389199999999995,0.9477777777777778,1096,0.8136363636363637,0.8285714285714285,0.8136363636363637,0.8199767711962833
GSE93272,RL-DOHO,3,0.09434399999999989,0.9055555555555557,422,0.875,0.84375,0.875,0.8359788359788359
GSE93272,DO,3,0.10532399999999996,0.8944444444444445,412,0.85,0.8235294117647058,0.85,0.8046218487394958
GSE93272,HO,3,0.09413799999999989,0.9055555555555557,319,0.85,0.8235294117647058,0.85,0.8046218487394958
GSE93272,DOHO,3,0.10532599999999995,0.8944444444444445,413,0.875,0.84375,0.875,0.8359788359788359
GSE93272,GA,3,0.060874000000000004,0.9388888888888889,187,0.8545454545454545,0.8277310924369747,0.8545454545454545,0.8324324324324325
GSE93272,BPSO,3,0.1151699999999999,0.8855555555555557,935,0.9,0.8666666666666667,0.9,0.8675213675213675
GSE93272,BGWO,3,0.08453999999999992,0.9166666666666667,1020,0.9,0.8666666666666667,0.9,0.8675213675213675
GSE93272,RL-DOHO,4,0.10961200000000007,0.8894444444444444,81,0.8340909090909091,0.8223684210526316,0.8340909090909091,0.8272017837235228
GSE93272,DO,4,0.11840600000000003,0.8805555555555555,78,0.8090909090909091,0.7905982905982906,0.8090909090909091,0.7960526315789473
GSE93272,HO,4,0.0628619999999999,0.9366666666666668,81,0.8340909090909091,0.8223684210526316,0.8340909090909091,0.8272017837235228
GSE93272,DOHO,4,0.09861599999999988,0.9005555555555557,83,0.8590909090909091,0.8590909090909091,0.8590909090909091,0.8590909090909091
GSE93272,GA,4,0.08765799999999993,0.9116666666666667,104,0.9045454545454545,0.8903508771929824,0.9045454545454545,0.8963210702341138
GSE93272,BPSO,4,0.16265000000000007,0.8383333333333333,1300,0.8795454545454545,0.8568376068376069,0.8795454545454545,0.8640350877192983
GSE93272,BGWO,4,0.13127199999999997,0.8694444444444445,1011,0.8090909090909091,0.7905982905982906,0.8090909090909091,0.7960526315789473
GSE93272,RL-DOHO,5,0.07265999999999992,0.9266666666666667,30,0.9545454545454546,0.9761904761904762,0.9545454545454546,0.9639953542392566
GSE93272,DO,5,0.09511400000000006,0.9044444444444444,257,0.8795454545454545,0.8568376068376069,0.8795454545454545,0.8640350877192983
GSE93272,HO,5,0.043246,0.9566666666666667,173,0.9295454545454545,0.9295454545454545,0.9295454545454545,0.9295454545454545
GSE93272,DOHO,5,0.08526600000000005,0.9144444444444444,283,0.8090909090909091,0.7905982905982906,0.8090909090909091,0.7960526315789473
GSE93272,GA,5,0.043232,0.9566666666666667,166,0.8545454545454545,0.8277310924369747,0.8545454545454545,0.8324324324324325
GSE93272,BPSO,5,0.094364,0.9055555555555556,432,0.9295454545454545,0.9295454545454545,0.9295454545454545,0.9295454545454545
GSE93272,BGWO,5,0.06481399999999991,0.9366666666666668,1057,0.8795454545454545,0.8568376068376069,0.8795454545454545,0.8640350877192983
GSE93272,RL-DOHO,6,0.04188200000000005,0.9577777777777777,41,0.884090909090909,0.9023809523809524,0.884090909090909,0.89198606271777
GSE93272,DO,6,0.04188400000000005,0.9577777777777777,42,0.8340909090909091,0.8223684210526316,0.8340909090909091,0.8272017837235228
GSE93272,HO,6,0.022135999999999923,0.9777777777777779,68,0.884090909090909,0.9023809523809524,0.884090909090909,0.89198606271777
GSE93272,DOHO,6,0.05287200000000001,0.9466666666666667,36,0.8386363636363636,0.8762626262626263,0.8386363636363636,0.8523809523809525
GSE93272,GA,6,0.036049999999999985,0.9638888888888889,150,0.8136363636363637,0.8285714285714285,0.8136363636363637,0.8199767711962833
GSE93272,BPSO,6,0.06936600000000007,0.9327777777777777,1408,0.884090909090909,0.9023809523809524,0.884090909090909,0.89198606271777
GSE93272,BGWO,6,0.06863800000000007,0.9327777777777777,1044,0.9045454545454545,0.8903508771929824,0.9045454545454545,0.8963210702341138
GSE93272,RL-DOHO,7,0.1135639999999999,0.8855555555555557,132,0.8545454545454545,0.8277310924369747,0.8545454545454545,0.8324324324324325
GSE93272,DO,7,0.14194199999999996,0.8566666666666667,21,0.6977272727272728,0.7196969696969697,0.6977272727272728,0.7047619047619047
GSE93272,HO,7,0.093516,0.9055555555555556,8,0.8090909090909091,0.7905982905982906,0.8090909090909091,0.7960526315789473
GSE93272,DOHO,7,0.095754,0.9033333333333333,27,0.8090909090909091,0.7905982905982906,0.8090909090909091,0.7960526315789473
GSE93272,GA,7,0.06686200000000007,0.9327777777777777,156,0.8340909090909091,0.8223684210526316,0.8340909090909091,0.8272017837235228
GSE93272,BPSO,7,0.12541200000000008,0.8744444444444444,556,0.8295454545454546,0.8020833333333333,0.8295454545454546,0.8012820512820513
GSE93272,BGWO,7,0.09551,0.9055555555555556,1005,0.8795454545454545,0.8568376068376069,0.8795454545454545,0.8640350877192983
GSE93272,RL-DOHO,8,0.09035400000000003,0.9088888888888889,77,0.8795454545454545,0.8568376068376069,0.8795454545454545,0.8640350877192983
GSE93272,DO,8,0.1084139999999999,0.8905555555555557,32,0.9090909090909092,0.9545454545454546,0.9090909090909092,0.9261904761904762
GSE93272,HO,8,0.10734400000000005,0.8916666666666666,47,0.9045454545454545,0.8903508771929824,0.9045454545454545,0.8963210702341138
GSE93272,DOHO,8,0.11831200000000003,0.8805555555555555,31,0.9090909090909092,0.9545454545454546,0.9090909090909092,0.9261904761904762
GSE93272,GA,8,0.04985200000000004,0.95,176,0.9045454545454545,0.8903508771929824,0.9045454545454545,0.8963210702341138
GSE93272,BPSO,8,0.13363199999999992,0.8677777777777779,1366,0.884090909090909,0.9023809523809524,0.884090909090909,0.89198606271777
GSE93272,BGWO,8,0.11313000000000001,0.8877777777777778,1015,0.884090909090909,0.9023809523809524,0.884090909090909,0.89198606271777
GSE93272,RL-DOHO,9,0.07385600000000009,0.9255555555555555,78,0.884090909090909,0.9023809523809524,0.884090909090909,0.89198606271777
GSE93272,DO,9,0.07290000000000013,0.9266666666666665,150,0.9090909090909092,0.9545454545454546,0.9090909090909092,0.9261904761904762
GSE93272,HO,9,0.052950000000000004,0.9466666666666667,75,0.9295454545454545,0.9295454545454545,0.9295454545454545,0.9295454545454545
GSE93272,DOHO,9,0.09144999999999998,0.9077777777777778,75,0.884090909090909,0.9023809523809524,0.884090909090909,0.89198606271777
GSE93272,GA,9,0.05306400000000001,0.9466666666666667,132,0.9295454545454545,0.9295454545454545,0.9295454545454545,0.9295454545454545
GSE93272,BPSO,9,0.11249199999999995,0.8866666666666667,146,0.9545454545454546,0.9761904761904762,0.9545454545454546,0.9639953542392566
GSE93272,BGWO,9,0.09455800000000006,0.9066666666666666,1079,0.9090909090909092,0.9545454545454546,0.9090909090909092,0.9261904761904762
colon,RL-DOHO [random arm],0,0.11921000000000002,0.8805555555555555,192,0.8947368421052632,0.9285714285714286,0.8571428571428572,0.8782051282051282
colon,RL-DOHO [PERTURB only],0,0.11909000000000002,0.8805555555555555,168,0.8947368421052632,0.9285714285714286,0.8571428571428572,0.8782051282051282
colon,RL-DOHO [no intervention],0,0.14388000000000004,0.8555555555555555,176,0.8421052631578947,0.9,0.7857142857142857,0.8080808080808081
colon,RL-DOHO [random arm],1,0.08829000000000002,0.9111111111111111,58,0.5789473684210527,0.5476190476190476,0.5476190476190476,0.5476190476190476
colon,RL-DOHO [PERTURB only],1,0.06928999999999998,0.9305555555555556,108,0.6842105263157895,0.6607142857142857,0.6607142857142857,0.6607142857142857
colon,RL-DOHO [no intervention],1,0.06930499999999998,0.9305555555555556,111,0.5789473684210527,0.5722222222222222,0.5773809523809523,0.5681818181818181
colon,RL-DOHO [random arm],2,0.06902999999999998,0.9305555555555556,56,0.7894736842105263,0.7928571428571429,0.7440476190476191,0.7564102564102564
colon,RL-DOHO [PERTURB only],2,0.06904499999999998,0.9305555555555556,59,0.7894736842105263,0.7738095238095238,0.7738095238095238,0.7738095238095238
colon,RL-DOHO [no intervention],2,0.09379,0.9055555555555556,58,0.7894736842105263,0.7738095238095238,0.7738095238095238,0.7738095238095238
colon,RL-DOHO [random arm],3,0.16502500000000006,0.8333333333333333,5,0.8421052631578947,0.9,0.7857142857142857,0.8080808080808081
colon,RL-DOHO [PERTURB only],3,0.07164499999999997,0.9277777777777778,29,0.6842105263157895,0.6607142857142857,0.6607142857142857,0.6607142857142857
colon,RL-DOHO [no intervention],3,0.20634500000000006,0.7916666666666666,19,0.631578947368421,0.5833333333333333,0.5595238095238095,0.5521885521885521
colon,RL-DOHO [random arm],4,0.11299500000000004,0.8861111111111111,49,0.7894736842105263,0.7738095238095238,0.7738095238095238,0.7738095238095238
colon,RL-DOHO [PERTURB only],4,0.11315000000000004,0.8861111111111111,80,0.6842105263157895,0.6777777777777778,0.6904761904761905,0.6761363636363636
colon,RL-DOHO [no intervention],4,0.15989499999999998,0.8388888888888889,79,0.6842105263157895,0.6607142857142857,0.6607142857142857,0.6607142857142857
colon,RL-DOHO [random arm],5,0.04431000000000006,0.9555555555555555,62,0.5789473684210527,0.5722222222222222,0.5773809523809523,0.5681818181818181
colon,RL-DOHO [PERTURB only],5,0.06913999999999998,0.9305555555555556,78,0.5789473684210527,0.5722222222222222,0.5773809523809523,0.5681818181818181
colon,RL-DOHO [no intervention],5,0.11310500000000004,0.8861111111111111,71,0.6842105263157895,0.6607142857142857,0.6607142857142857,0.6607142857142857
colon,RL-DOHO [random arm],6,0.06909499999999998,0.9305555555555556,69,0.7368421052631579,0.7416666666666667,0.6726190476190476,0.6801346801346801
colon,RL-DOHO [PERTURB only],6,0.04709999999999995,0.9527777777777778,70,0.7368421052631579,0.7416666666666667,0.6726190476190476,0.6801346801346801
colon,RL-DOHO [no intervention],6,0.09388,0.9055555555555556,76,0.6842105263157895,0.6571428571428571,0.6309523809523809,0.6346153846153846
colon,RL-DOHO [random arm],7,0.11565000000000014,0.8833333333333332,30,0.7894736842105263,0.875,0.7142857142857143,0.7285714285714285
colon,RL-DOHO [PERTURB only],7,0.06893499999999998,0.9305555555555556,37,0.7894736842105263,0.875,0.7142857142857143,0.7285714285714285
colon,RL-DOHO [no intervention],7,0.11288500000000004,0.8861111111111111,27,0.7894736842105263,0.7928571428571429,0.7440476190476191,0.7564102564102564
colon,RL-DOHO [random arm],8,0.09077500000000012,0.9083333333333332,5,0.7894736842105263,0.7928571428571429,0.7440476190476191,0.7564102564102564
colon,RL-DOHO [PERTURB only],8,0.07433499999999996,0.925,17,0.8421052631578947,0.9,0.7857142857142857,0.8080808080808081
colon,RL-DOHO [no intervention],8,0.11833000000000002,0.8805555555555555,16,0.7894736842105263,0.875,0.7142857142857143,0.7285714285714285
colon,RL-DOHO [random arm],9,0.11628000000000015,0.8833333333333332,156,0.631578947368421,0.5961538461538461,0.5892857142857143,0.5907692307692307
colon,RL-DOHO [PERTURB only],9,0.09114000000000012,0.9083333333333332,78,0.631578947368421,0.6136363636363636,0.6190476190476191,0.6144927536231883
colon,RL-DOHO [no intervention],9,0.15985499999999997,0.8388888888888889,71,0.631578947368421,0.6136363636363636,0.6190476190476191,0.6144927536231883
ALLAML,RL-DOHO [random arm],0,0.07923366531070283,0.9199999999999999,24,0.7727272727272727,0.868421052631579,0.6875,0.696969696969697
ALLAML,RL-DOHO [PERTURB only],0,0.1388609061579463,0.8600000000000001,186,0.8636363636363636,0.861904761904762,0.8392857142857143,0.8482758620689655
ALLAML,RL-DOHO [no intervention],0,0.17845950343666708,0.8200000000000001,185,0.8636363636363636,0.861904761904762,0.8392857142857143,0.8482758620689655
ALLAML,RL-DOHO [random arm],1,0.03966873334268484,0.96,49,0.8636363636363636,0.861904761904762,0.8392857142857143,0.8482758620689655
ALLAML,RL-DOHO [PERTURB only],1,0.03966733062140557,0.96,48,0.7727272727272727,0.7571428571428571,0.7410714285714286,0.7471264367816092
ALLAML,RL-DOHO [no intervention],1,0.05946733062140547,0.9400000000000001,48,0.8181818181818182,0.8035714285714286,0.8035714285714286,0.8035714285714286
ALLAML,RL-DOHO [random arm],2,0.0396182353766307,0.96,13,0.7727272727272727,0.7823529411764706,0.7142857142857143,0.7270471464019852
ALLAML,RL-DOHO [PERTURB only],2,0.13886791976434282,0.86,191,0.6818181818181818,0.6754385964912281,0.5892857142857143,0.5757575757575757
ALLAML,RL-DOHO [no intervention],2,0.15866791976434275,0.8400000000000001,191,0.7727272727272727,0.868421052631579,0.6875,0.696969696969697
ALLAML,RL-DOHO [random arm],3,0.039619638097909984,0.96,14,0.9545454545454546,0.9666666666666667,0.9375,0.9494252873563218
ALLAML,RL-DOHO [PERTURB only],3,0.03962524898302711,0.96,18,0.9090909090909091,0.9375,0.875,0.8952380952380952
ALLAML,RL-DOHO [no intervention],3,0.03962384626174783,0.96,17,0.8181818181818182,0.8229166666666667,0.7767857142857143,0.7904761904761906
ALLAML,RL-DOHO [random arm],4,0.019861719736288308,0.9800000000000001,44,0.7727272727272727,0.868421052631579,0.6875,0.696969696969697
ALLAML,RL-DOHO [PERTURB only],4,0.07970778510310009,0.9199999999999999,362,0.7727272727272727,0.868421052631579,0.6875,0.696969696969697
ALLAML,RL-DOHO [no intervention],4,0.09950918782437927,0.9,363,0.7727272727272727,0.868421052631579,0.6875,0.696969696969697
ALLAML,RL-DOHO [random arm],5,0.03969678776827048,0.96,69,0.8636363636363636,0.9117647058823529,0.8125,0.8362282878411911
ALLAML,RL-DOHO [PERTURB only],5,0.09921882451956794,0.9,156,0.7727272727272727,0.7823529411764706,0.7142857142857143,0.7270471464019852
ALLAML,RL-DOHO [no intervention],5,0.11902303268340568,0.8800000000000001,159,0.7727272727272727,0.7823529411764706,0.7142857142857143,0.7270471464019852
ALLAML,RL-DOHO [random arm],6,0.040194753822415524,0.96,424,0.8181818181818182,0.8888888888888888,0.75,0.7708333333333333
ALLAML,RL-DOHO [PERTURB only],6,0.05949398232571182,0.9400000000000001,67,0.7272727272727273,0.7361111111111112,0.6517857142857143,0.65625
ALLAML,RL-DOHO [no intervention],6,0.05949398232571182,0.9400000000000001,67,0.7272727272727273,0.7361111111111112,0.6517857142857143,0.65625
ALLAML,RL-DOHO [random arm],7,0.0990757469490812,0.9,54,0.8636363636363636,0.861904761904762,0.8392857142857143,0.8482758620689655
ALLAML,RL-DOHO [PERTURB only],7,0.11887434422780181,0.8800000000000001,53,0.7727272727272727,0.7823529411764706,0.7142857142857143,0.7270471464019852
ALLAML,RL-DOHO [no intervention],7,0.0990757469490812,0.9,54,0.8636363636363636,0.861904761904762,0.8392857142857143,0.8482758620689655
ALLAML,RL-DOHO [random arm],8,0.07923647075326118,0.9200000000000002,26,0.8636363636363636,0.9117647058823529,0.8125,0.8362282878411911
ALLAML,RL-DOHO [PERTURB only],8,0.039643484359657775,0.96,31,0.8181818181818182,0.8888888888888888,0.75,0.7708333333333333
ALLAML,RL-DOHO [no intervention],8,0.07923787347454046,0.9200000000000002,27,0.8636363636363636,0.9117647058823529,0.8125,0.8362282878411911
ALLAML,RL-DOHO [random arm],9,0.05943506803198199,0.9400000000000001,25,0.6363636363636364,0.5833333333333333,0.5535714285714286,0.5416666666666666
ALLAML,RL-DOHO [PERTURB only],9,0.11886592790012612,0.8800000000000001,47,0.7727272727272727,0.7823529411764706,0.7142857142857143,0.7270471464019852
ALLAML,RL-DOHO [no intervention],9,0.15845891429372977,0.8400000000000001,42,0.7727272727272727,0.7823529411764706,0.7142857142857143,0.7270471464019852
lung,RL-DOHO [random arm],0,0.028162644868042108,0.9716748768472907,40,0.9016393442622951,0.8174750830564784,0.7838095238095237,0.7928506787330317
lung,RL-DOHO [PERTURB only],0,0.02139314866376332,0.9788177339901478,140,0.9180327868852459,0.9422222222222223,0.8552380952380952,0.8818390804597701
lung,RL-DOHO [no intervention],0,0.04941388531924515,0.9504926108374384,133,0.9344262295081968,0.9463636363636365,0.8885714285714286,0.9106976744186047
lung,RL-DOHO [random arm],1,0.04277422003284076,0.9576354679802955,276,0.9672131147540983,0.990909090909091,0.8666666666666668,0.9105003523608175
lung,RL-DOHO [PERTURB only],1,0.04278025868018376,0.9576354679802955,278,0.9672131147540983,0.990909090909091,0.8666666666666668,0.9105003523608175
lung,RL-DOHO [no intervention],1,0.04279233597486975,0.9576354679802955,282,0.9672131147540983,0.990909090909091,0.8666666666666668,0.9105003523608175
lung,RL-DOHO [random arm],2,0.035349530591847,0.9647783251231526,159,0.9344262295081968,0.9463636363636365,0.8219047619047618,0.8658491895701198
lung,RL-DOHO [PERTURB only],2,0.04249873872587505,0.9573891625615765,104,0.9016393442622951,0.9018181818181817,0.7838095238095237,0.8248343904157858
lung,RL-DOHO [no intervention],2,0.04250175804954655,0.9573891625615765,105,0.9180327868852459,0.9127131782945737,0.8171428571428571,0.8482352941176471
lung,RL-DOHO [random arm],3,0.02111839020965704,0.9788177339901478,49,0.9180327868852459,0.7422222222222222,0.7285714285714285,0.7339602925809823
lung,RL-DOHO [PERTURB only],3,0.04961316068156399,0.9504926108374384,199,0.9016393442622951,0.7282608695652174,0.6952380952380952,0.7063636363636363
lung,RL-DOHO [no intervention],3,0.04964637324195046,0.9504926108374384,210,0.9016393442622951,0.7282608695652174,0.6952380952380952,0.7063636363636363
lung,RL-DOHO [random arm],4,0.028919772256728676,0.9714285714285715,210,0.9508196721311475,0.9623376623376624,0.8333333333333333,0.8732975551580203
lung,RL-DOHO [PERTURB only],4,0.03605460662525889,0.9642857142857142,231,0.9508196721311475,0.9623376623376624,0.8266666666666665,0.8728935147539799
lung,RL-DOHO [no intervention],4,0.03607272256728788,0.9642857142857142,237,0.9508196721311475,0.9623376623376624,0.8266666666666665,0.8728935147539799
lung,RL-DOHO [random arm],5,0.037498566193093844,0.9645320197044336,790,0.9672131147540983,0.9619047619047618,0.961904761904762,0.9588744588744589
lung,RL-DOHO [PERTURB only],5,0.04301504307370113,0.9573891625615765,275,0.9672131147540983,0.9619047619047618,0.961904761904762,0.9588744588744589
lung,RL-DOHO [no intervention],5,0.0430542942814306,0.9573891625615765,288,0.9672131147540983,0.9619047619047618,0.961904761904762,0.9588744588744589
lung,RL-DOHO [random arm],6,0.03675423895195258,0.9650246305418719,705,0.9672131147540983,0.990909090909091,0.9266666666666665,0.9549447968052618
lung,RL-DOHO [PERTURB only],6,0.056721543989909716,0.9435960591133006,292,0.9672131147540983,0.990909090909091,0.9266666666666665,0.9549447968052618
lung,RL-DOHO [no intervention],6,0.056772872492325176,0.9435960591133006,309,0.9672131147540983,0.990909090909091,0.9266666666666665,0.9549447968052618
lung,RL-DOHO [random arm],7,0.028790664191713604,0.9716748768472907,248,0.9344262295081968,0.9826086956521738,0.8,0.8575757575757577
lung,RL-DOHO [PERTURB only],7,0.04248968075486056,0.9573891625615765,101,0.9344262295081968,0.9826086956521738,0.86,0.902020202020202
lung,RL-DOHO [no intervention],7,0.05638869553318589,0.9433497536945812,101,0.9508196721311475,0.9866666666666667,0.8933333333333333,0.9308812260536399
lung,RL-DOHO [random arm],8,0.03502718581185597,0.9650246305418719,133,0.9016393442622951,0.9115942028985508,0.741904761904762,0.8015151515151515
lung,RL-DOHO [PERTURB only],8,0.028133897337045667,0.9721674876847292,192,0.9016393442622951,0.8984848484848484,0.7771428571428571,0.8193798449612404
lung,RL-DOHO [no intervention],8,0.034973560838628334,0.9652709359605911,196,0.9016393442622951,0.9282608695652174,0.7485714285714286,0.8130303030303031
lung,RL-DOHO [random arm],9,0.042080498441255526,0.9578817733990148,127,0.9508196721311475,0.9866666666666667,0.8333333333333333,0.8864367816091955
lung,RL-DOHO [PERTURB only],9,0.04910434068679944,0.9509852216748769,192,0.9344262295081968,0.9826086956521738,0.8,0.8575757575757577
lung,RL-DOHO [no intervention],9,0.0493693183170319,0.9507389162561577,199,0.9344262295081968,0.9826086956521738,0.8,0.8575757575757577
GLIOMA,RL-DOHO [random arm],0,0.16979096591275217,0.8285714285714285,34,0.8666666666666667,0.8541666666666666,0.875,0.8517857142857143
GLIOMA,RL-DOHO [PERTURB only],0,0.16979547651266194,0.8285714285714285,36,0.8,0.7708333333333333,0.8125,0.7803571428571429
GLIOMA,RL-DOHO [no intervention],0,0.16979547651266194,0.8285714285714285,36,0.8,0.7708333333333333,0.8125,0.7803571428571429
GLIOMA,RL-DOHO [random arm],1,0.1415300599265415,0.8571428571428573,45,0.8,0.8666666666666667,0.775,0.7763888888888888
GLIOMA,RL-DOHO [PERTURB only],1,0.14153682582640617,0.8571428571428573,48,0.8,0.8666666666666667,0.775,0.7763888888888888
GLIOMA,RL-DOHO [no intervention],1,0.19809923319801528,0.8,44,0.8666666666666667,0.9166666666666666,0.9,0.8875
GLIOMA,RL-DOHO [random arm],2,0.16974811521360916,0.8285714285714285,15,0.8,0.7708333333333334,0.75,0.7540584415584416
GLIOMA,RL-DOHO [PERTURB only],2,0.05661878987048136,0.9428571428571428,21,0.8,0.8333333333333333,0.8375,0.8017857142857143
GLIOMA,RL-DOHO [no intervention],2,0.1414669115278047,0.8571428571428571,17,0.6666666666666666,0.6375,0.6375,0.6303571428571428
GLIOMA,RL-DOHO [random arm],3,0.16978645531284237,0.8285714285714285,32,0.7333333333333333,0.8,0.7625,0.6873015873015873
GLIOMA,RL-DOHO [PERTURB only],3,0.14162027192473747,0.8571428571428571,85,0.6666666666666666,0.6666666666666666,0.7125,0.6791666666666666
GLIOMA,RL-DOHO [no intervention],3,0.19820072169598552,0.8,89,0.6666666666666666,0.6916666666666667,0.7125,0.6636904761904762
GLIOMA,RL-DOHO [random arm],4,0.16977066821315812,0.8285714285714285,25,0.8,0.8374999999999999,0.7625,0.7763888888888888
GLIOMA,RL-DOHO [PERTURB only],4,0.16977066821315812,0.8285714285714285,25,0.8,0.8374999999999999,0.7625,0.7763888888888888
GLIOMA,RL-DOHO [no intervention],4,0.16977066821315812,0.8285714285714285,25,0.8,0.8374999999999999,0.7625,0.7763888888888888
GLIOMA,RL-DOHO [random arm],5,0.16977066821315812,0.8285714285714285,25,0.6,0.601190476190476,0.575,0.5773809523809523
GLIOMA,RL-DOHO [PERTURB only],5,0.22647741478188024,0.7714285714285715,85,0.8,0.8333333333333334,0.75,0.7689393939393939
GLIOMA,RL-DOHO [no intervention],5,0.2547631290675947,0.7428571428571428,85,0.8,0.8333333333333334,0.75,0.7689393939393939
GLIOMA,RL-DOHO [random arm],6,0.1415007410271281,0.8571428571428571,32,0.8666666666666667,0.8666666666666667,0.9,0.8597222222222223
GLIOMA,RL-DOHO [PERTURB only],6,0.14149397512726342,0.8571428571428571,29,0.6,0.65,0.65,0.6083333333333333
GLIOMA,RL-DOHO [no intervention],6,0.1980563824988723,0.8,25,0.6,0.65,0.65,0.6083333333333333
GLIOMA,RL-DOHO [random arm],7,0.1414646562278498,0.8571428571428571,16,0.6666666666666666,0.7083333333333333,0.7,0.6580086580086579
GLIOMA,RL-DOHO [PERTURB only],7,0.19853676138926474,0.8,238,0.8,0.8041666666666667,0.825,0.8017857142857143
GLIOMA,RL-DOHO [no intervention],7,0.198552548488949,0.8,245,0.8,0.8041666666666667,0.825,0.8017857142857143
GLIOMA,RL-DOHO [random arm],8,0.1415007410271281,0.8571428571428571,32,0.6,0.6833333333333332,0.6375,0.5675324675324676
GLIOMA,RL-DOHO [PERTURB only],8,0.11333230233906817,0.8857142857142858,84,0.7333333333333333,0.7625,0.7625,0.7208333333333332
GLIOMA,RL-DOHO [no intervention],8,0.19818267929634636,0.8,81,0.7333333333333333,0.7625,0.7625,0.7208333333333332
GLIOMA,RL-DOHO [random arm],9,0.08494284425542885,0.9142857142857143,38,0.8666666666666667,0.9285714285714286,0.875,0.875
GLIOMA,RL-DOHO [PERTURB only],9,0.11323983504091752,0.8857142857142858,43,0.8,0.90625,0.8125,0.7923076923076923
GLIOMA,RL-DOHO [no intervention],9,0.11323983504091752,0.8857142857142858,43,0.8,0.8785714285714286,0.75,0.7638888888888888
GSE93272,RL-DOHO [random arm],0,0.10243599999999994,0.8966666666666667,68,0.85,0.8235294117647058,0.85,0.8046218487394958
GSE93272,RL-DOHO [PERTURB only],0,0.09144199999999998,0.9077777777777778,71,0.875,0.84375,0.875,0.8359788359788359
GSE93272,RL-DOHO [no intervention],0,0.09143999999999998,0.9077777777777778,70,0.875,0.84375,0.875,0.8359788359788359
GSE93272,RL-DOHO [random arm],1,0.021001999999999972,0.9788888888888889,51,0.95,0.9230769230769231,0.95,0.9320175438596491
GSE93272,RL-DOHO [PERTURB only],1,0.051787999999999945,0.9477777777777778,44,0.8590909090909091,0.8590909090909091,0.8590909090909091,0.8590909090909091
GSE93272,RL-DOHO [no intervention],1,0.06387999999999996,0.9355555555555556,40,0.9545454545454546,0.9761904761904762,0.9545454545454546,0.9639953542392566
GSE93272,RL-DOHO [random arm],2,0.061983999999999956,0.9377777777777778,192,0.8136363636363637,0.8285714285714285,0.8136363636363637,0.8199767711962833
GSE93272,RL-DOHO [PERTURB only],2,0.08201799999999985,0.9177777777777779,309,0.8136363636363637,0.8285714285714285,0.8136363636363637,0.8199767711962833
GSE93272,RL-DOHO [no intervention],2,0.10182599999999999,0.8977777777777778,313,0.8136363636363637,0.8285714285714285,0.8136363636363637,0.8199767711962833
GSE93272,RL-DOHO [random arm],3,0.09434799999999989,0.9055555555555557,424,0.85,0.8235294117647058,0.85,0.8046218487394958
GSE93272,RL-DOHO [PERTURB only],3,0.09429399999999989,0.9055555555555557,397,0.875,0.84375,0.875,0.8359788359788359
GSE93272,RL-DOHO [no intervention],3,0.10532399999999996,0.8944444444444445,412,0.85,0.8235294117647058,0.85,0.8046218487394958
GSE93272,RL-DOHO [random arm],4,0.08255400000000003,0.9166666666666666,27,0.7681818181818182,0.797979797979798,0.7681818181818182,0.7785714285714285
GSE93272,RL-DOHO [PERTURB only],4,0.08761199999999993,0.9116666666666667,81,0.8340909090909091,0.8223684210526316,0.8340909090909091,0.8272017837235228
GSE93272,RL-DOHO [no intervention],4,0.11840600000000003,0.8805555555555555,78,0.8090909090909091,0.7905982905982906,0.8090909090909091,0.7960526315789473
GSE93272,RL-DOHO [random arm],5,0.05395399999999996,0.9455555555555556,27,0.8136363636363637,0.8285714285714285,0.8136363636363637,0.8199767711962833
GSE93272,RL-DOHO [PERTURB only],5,0.08520400000000006,0.9144444444444444,252,0.8340909090909091,0.8223684210526316,0.8340909090909091,0.8272017837235228
GSE93272,RL-DOHO [no intervention],5,0.09511400000000006,0.9044444444444444,257,0.8795454545454545,0.8568376068376069,0.8795454545454545,0.8640350877192983
GSE93272,RL-DOHO [random arm],6,0.04187400000000005,0.9577777777777777,37,0.9045454545454545,0.8903508771929824,0.9045454545454545,0.8963210702341138
GSE93272,RL-DOHO [PERTURB only],6,0.04188000000000005,0.9577777777777777,40,0.9090909090909092,0.9545454545454546,0.9090909090909092,0.9261904761904762
GSE93272,RL-DOHO [no intervention],6,0.04188400000000005,0.9577777777777777,42,0.8340909090909091,0.8223684210526316,0.8340909090909091,0.8272017837235228
GSE93272,RL-DOHO [random arm],7,0.06170799999999995,0.9377777777777778,54,0.8090909090909091,0.7905982905982906,0.8090909090909091,0.7960526315789473
GSE93272,RL-DOHO [PERTURB only],7,0.09246000000000006,0.9066666666666666,30,0.9045454545454545,0.8903508771929824,0.9045454545454545,0.8963210702341138
GSE93272,RL-DOHO [no intervention],7,0.14194199999999996,0.8566666666666667,21,0.6977272727272728,0.7196969696969697,0.6977272727272728,0.7047619047619047
GSE93272,RL-DOHO [random arm],8,0.13215400000000008,0.8666666666666666,77,0.884090909090909,0.9023809523809524,0.884090909090909,0.89198606271777
GSE93272,RL-DOHO [PERTURB only],8,0.05071199999999999,0.9488888888888889,56,0.95,0.9230769230769231,0.95,0.9320175438596491
GSE93272,RL-DOHO [no intervention],8,0.1084139999999999,0.8905555555555557,32,0.9090909090909092,0.9545454545454546,0.9090909090909092,0.9261904761904762
GSE93272,RL-DOHO [random arm],9,0.06286599999999991,0.9366666666666668,83,0.9090909090909092,0.9545454545454546,0.9090909090909092,0.9261904761904762
GSE93272,RL-DOHO [PERTURB only],9,0.07288600000000013,0.9266666666666665,143,0.8636363636363636,0.9347826086956521,0.8636363636363636,0.8861689106487147
GSE93272,RL-DOHO [no intervention],9,0.07290000000000013,0.9266666666666665,150,0.9090909090909092,0.9545454545454546,0.9090909090909092,0.9261904761904762
colon,LASSO,0,0.04960000000000005,0.95,20,0.8947368421052632,0.9285714285714286,0.8571428571428572,0.8782051282051282
colon,mRMR,0,0.14035000000000014,0.8583333333333332,20,0.7894736842105263,0.7833333333333333,0.8035714285714286,0.7840909090909092
colon,ReliefF,0,0.0936,0.9055555555555556,20,0.8947368421052632,0.8869047619047619,0.8869047619047619,0.8869047619047619
colon,All features,0,0.31250000000000006,0.6944444444444444,2000,0.7894736842105263,0.875,0.7142857142857143,0.7285714285714285
colon,LASSO,1,0.022099999999999922,0.9777777777777779,20,0.6842105263157895,0.6571428571428571,0.6309523809523809,0.6346153846153846
colon,mRMR,1,0.0660500000000001,0.9333333333333332,10,0.8947368421052632,0.8869047619047619,0.8869047619047619,0.8869047619047619
colon,ReliefF,1,0.11575000000000014,0.8833333333333332,50,0.631578947368421,0.5961538461538461,0.5892857142857143,0.5907692307692307
colon,All features,1,0.19150000000000003,0.8166666666666667,2000,0.5789473684210527,0.5476190476190476,0.5476190476190476,0.5476190476190476
colon,LASSO,2,0.022049999999999924,0.9777777777777779,10,0.8421052631578947,0.8295454545454546,0.8452380952380952,0.8347826086956522
colon,mRMR,2,0.09375,0.9055555555555556,50,0.7894736842105263,0.7738095238095238,0.7738095238095238,0.7738095238095238
colon,ReliefF,2,0.07199999999999997,0.9277777777777778,100,0.8947368421052632,0.8869047619047619,0.8869047619047619,0.8869047619047619
colon,All features,2,0.28775,0.7194444444444444,2000,0.7368421052631579,0.7215909090909092,0.7321428571428572,0.7246376811594203
colon,LASSO,3,0.04960000000000005,0.95,20,0.6842105263157895,0.6571428571428571,0.6309523809523809,0.6346153846153846
colon,mRMR,3,0.11600000000000014,0.8833333333333332,100,0.7894736842105263,0.7833333333333333,0.8035714285714286,0.7840909090909092
colon,ReliefF,3,0.09355,0.9055555555555556,10,0.7368421052631579,0.717948717948718,0.7023809523809523,0.7076923076923077
colon,All features,3,0.26850000000000007,0.7388888888888888,2000,0.7894736842105263,0.875,0.7142857142857143,0.7285714285714285
colon,LASSO,4,0.024800000000000023,0.975,10,0.8421052631578947,0.8295454545454546,0.8452380952380952,0.8347826086956522
colon,mRMR,4,0.09634999999999988,0.9027777777777779,20,0.7894736842105263,0.7833333333333333,0.8035714285714286,0.7840909090909092
colon,ReliefF,4,0.094,0.9055555555555556,100,0.7894736842105263,0.7738095238095238,0.7738095238095238,0.7738095238095238
colon,All features,4,0.28775,0.7194444444444444,2000,0.7368421052631579,0.7215909090909092,0.7321428571428572,0.7246376811594203
colon,LASSO,5,0.04402500000000006,0.9555555555555555,5,0.8421052631578947,0.8397435897435898,0.8154761904761905,0.8246153846153846
colon,mRMR,5,0.13755000000000006,0.861111111111111,10,0.8421052631578947,0.8397435897435898,0.8154761904761905,0.8246153846153846
colon,ReliefF,5,0.09355,0.9055555555555556,10,0.7894736842105263,0.7928571428571429,0.7440476190476191,0.7564102564102564
colon,All features,5,0.23824999999999996,0.7694444444444445,2000,0.6842105263157895,0.6777777777777778,0.6904761904761905,0.6761363636363636
colon,LASSO,6,0.0001,1.0,20,0.8421052631578947,0.8397435897435898,0.8154761904761905,0.8246153846153846
colon,mRMR,6,0.07124999999999998,0.9305555555555556,500,0.7368421052631579,0.717948717948718,0.7023809523809523,0.7076923076923077
colon,ReliefF,6,0.06899999999999998,0.9305555555555556,50,0.8421052631578947,0.8397435897435898,0.8154761904761905,0.8246153846153846
colon,All features,6,0.20249999999999999,0.8055555555555556,2000,0.7894736842105263,0.7928571428571429,0.7440476190476191,0.7564102564102564
colon,LASSO,7,0.04410000000000006,0.9555555555555555,20,0.9473684210526315,0.9375,0.9583333333333333,0.9449275362318841
colon,mRMR,7,0.11552500000000014,0.8833333333333332,5,0.8421052631578947,0.8397435897435898,0.8154761904761905,0.8246153846153846
colon,ReliefF,7,0.11280000000000004,0.8861111111111111,10,0.8421052631578947,0.8397435897435898,0.8154761904761905,0.8246153846153846
colon,All features,7,0.30700000000000005,0.7,2000,0.7894736842105263,0.7928571428571429,0.7440476190476191,0.7564102564102564
colon,LASSO,8,0.022099999999999922,0.9777777777777779,20,0.8947368421052632,0.9285714285714286,0.8571428571428572,0.8782051282051282
colon,mRMR,8,0.11280000000000004,0.8861111111111111,10,0.7894736842105263,0.875,0.7142857142857143,0.7285714285714285
colon,ReliefF,8,0.09100000000000012,0.9083333333333332,50,0.8421052631578947,0.9,0.7857142857142857,0.8080808080808081
colon,All features,8,0.263,0.7444444444444445,2000,0.7368421052631579,0.8529411764705883,0.6428571428571428,0.6360153256704981
colon,LASSO,9,5e-05,1.0,10,0.7368421052631579,0.7916666666666667,0.7916666666666667,0.7368421052631579
colon,mRMR,9,0.094,0.9055555555555556,100,0.7368421052631579,0.7916666666666667,0.7916666666666667,0.7368421052631579
colon,ReliefF,9,0.093525,0.9055555555555556,5,0.5263157894736842,0.5056818181818181,0.5059523809523809,0.5043478260869565
colon,All features,9,0.24375000000000005,0.7638888888888888,2000,0.631578947368421,0.6136363636363636,0.6190476190476191,0.6144927536231883
ALLAML,LASSO,0,7.013606396409034e-05,1.0,50,0.9545454545454546,0.9666666666666667,0.9375,0.9494252873563218
ALLAML,mRMR,0,0.03974027212792822,0.96,100,1.0,1.0,1.0,1.0
ALLAML,ReliefF,0,0.03967013606396413,0.96,50,1.0,1.0,1.0,1.0
ALLAML,All features,0,0.20799999999999996,0.8,7129,0.8636363636363636,0.861904761904762,0.8392857142857143,0.8482758620689655
ALLAML,LASSO,1,1.4027212792818068e-05,1.0,10,0.8181818181818182,0.8229166666666667,0.7767857142857143,0.7904761904761906
ALLAML,mRMR,1,0.00014027212792818068,1.0,100,0.9090909090909091,0.9017857142857143,0.9017857142857143,0.9017857142857143
ALLAML,ReliefF,1,0.019807013606396317,0.9800000000000001,5,0.8636363636363636,0.861904761904762,0.8392857142857143,0.8482758620689655
ALLAML,All features,1,0.16839999999999994,0.8400000000000001,7129,0.7272727272727273,0.7083333333333333,0.6785714285714286,0.6857142857142857
ALLAML,LASSO,2,7.013606396409034e-05,1.0,50,0.9090909090909091,0.9375,0.875,0.8952380952380952
ALLAML,mRMR,2,0.00014027212792818068,1.0,100,0.9545454545454546,0.9666666666666667,0.9375,0.9494252873563218
ALLAML,ReliefF,2,0.039628054425585674,0.96,20,0.9545454545454546,0.9666666666666667,0.9375,0.9494252873563218
ALLAML,All features,2,0.20799999999999996,0.8,7129,0.7272727272727273,0.85,0.625,0.611764705882353
ALLAML,LASSO,3,0.019870136063963997,0.9800000000000001,50,0.8636363636363636,0.9117647058823529,0.8125,0.8362282878411911
ALLAML,mRMR,3,0.02008054425585627,0.9800000000000001,200,1.0,1.0,1.0,1.0
ALLAML,ReliefF,3,0.02008054425585627,0.9800000000000001,200,0.9545454545454546,0.9666666666666667,0.9375,0.9494252873563218
ALLAML,All features,3,0.2872,0.72,7129,0.9090909090909091,0.9375,0.875,0.8952380952380952
ALLAML,LASSO,4,7.013606396409034e-05,1.0,50,0.9545454545454546,0.9666666666666667,0.9375,0.9494252873563218
ALLAML,mRMR,4,0.01994027212792809,0.9800000000000001,100,0.9090909090909091,0.9375,0.875,0.8952380952380952
ALLAML,ReliefF,4,0.03967013606396413,0.96,50,0.9090909090909091,0.9375,0.875,0.8952380952380952
ALLAML,All features,4,0.22780000000000009,0.7799999999999999,7129,0.7727272727272727,0.868421052631579,0.6875,0.696969696969697
ALLAML,LASSO,5,2.8054425585636136e-05,1.0,20,0.8636363636363636,0.861904761904762,0.8392857142857143,0.8482758620689655
ALLAML,mRMR,5,0.00028054425585636136,1.0,200,0.9090909090909091,0.9017857142857143,0.9017857142857143,0.9017857142857143
ALLAML,ReliefF,5,0.019828054425585544,0.9800000000000001,20,0.8636363636363636,0.861904761904762,0.8392857142857143,0.8482758620689655
ALLAML,All features,5,0.18819999999999995,0.8200000000000001,7129,0.8181818181818182,0.8888888888888888,0.75,0.7708333333333333
ALLAML,LASSO,6,2.8054425585636136e-05,1.0,20,0.8636363636363636,0.861904761904762,0.8392857142857143,0.8482758620689655
ALLAML,mRMR,6,7.013606396409034e-05,1.0,50,0.8636363636363636,0.861904761904762,0.8392857142857143,0.8482758620689655
ALLAML,ReliefF,6,0.039614027212792856,0.96,10,0.9090909090909091,0.9017857142857143,0.9017857142857143,0.9017857142857143
ALLAML,All features,6,0.10899999999999997,0.9,7129,0.7727272727272727,0.868421052631579,0.6875,0.696969696969697
ALLAML,LASSO,7,0.019828054425585544,0.9800000000000001,20,1.0,1.0,1.0,1.0
ALLAML,mRMR,7,7.013606396409034e-05,1.0,50,1.0,1.0,1.0,1.0
ALLAML,ReliefF,7,0.02008054425585627,0.9800000000000001,200,1.0,1.0,1.0,1.0
ALLAML,All features,7,0.2674,0.74,7129,0.9090909090909091,0.9017857142857143,0.9017857142857143,0.9017857142857143
ALLAML,LASSO,8,0.019814027212792726,0.9800000000000001,10,0.9545454545454546,0.9666666666666667,0.9375,0.9494252873563218
ALLAML,mRMR,8,0.01994027212792809,0.9800000000000001,100,0.9545454545454546,0.9666666666666667,0.9375,0.9494252873563218
ALLAML,ReliefF,8,0.05940701360639635,0.9400000000000001,5,0.9090909090909091,0.9375,0.875,0.8952380952380952
ALLAML,All features,8,0.22780000000000009,0.7799999999999999,7129,0.9545454545454546,0.9666666666666667,0.9375,0.9494252873563218
ALLAML,LASSO,9,0.019870136063963997,0.9800000000000001,50,0.9545454545454546,0.9666666666666667,0.9375,0.9494252873563218
ALLAML,mRMR,9,0.01994027212792809,0.9800000000000001,100,0.9090909090909091,0.9375,0.875,0.8952380952380952
ALLAML,ReliefF,9,0.05940701360639635,0.9400000000000001,5,0.9090909090909091,0.9375,0.875,0.8952380952380952
ALLAML,All features,9,0.22780000000000009,0.7799999999999999,7129,0.7727272727272727,0.868421052631579,0.6875,0.696969696969697
lung,LASSO,0,0.00015096618357487922,1.0,50,0.9180327868852459,0.9127131782945737,0.8171428571428571,0.8482352941176471
lung,mRMR,0,0.014502879512624628,0.9859605911330049,200,0.9180327868852459,0.9127131782945737,0.8171428571428571,0.8482352941176471
lung,ReliefF,0,0.04961618000523549,0.9504926108374384,200,0.9180327868852459,0.9127131782945737,0.8171428571428571,0.8482352941176471
lung,All features,0,0.059012315270935964,0.9504926108374384,3312,0.9016393442622951,0.9382608695652174,0.7552380952380953,0.8130303030303031
lung,LASSO,1,0.028343804288331963,0.9716748768472907,100,0.9508196721311475,0.9573643410852715,0.8619047619047621,0.8899108734402852
lung,mRMR,1,0.03502042431165376,0.9647783251231526,50,0.9672131147540983,0.990909090909091,0.8666666666666668,0.9105003523608175
lung,ReliefF,1,0.057349563313581216,0.9435960591133006,500,0.9508196721311475,0.9573643410852715,0.8619047619047621,0.8899108734402852
lung,All features,1,0.08705418719211806,0.9221674876847292,3312,0.9672131147540983,0.990909090909091,0.8666666666666668,0.9105003523608175
lung,LASSO,2,0.027614573665548082,0.9721674876847292,20,0.8852459016393442,0.8523809523809524,0.779047619047619,0.7978354978354978
lung,mRMR,2,0.015408676614073904,0.9859605911330049,500,0.9180327868852459,0.9060465116279071,0.8838095238095238,0.8936898395721926
lung,ReliefF,2,0.041848010518550215,0.9578817733990148,50,0.9016393442622951,0.8790476190476191,0.8790476190476191,0.8790476190476191
lung,All features,2,0.07315517241379306,0.9362068965517242,3312,0.9508196721311475,0.9506976744186048,0.9219047619047618,0.9347593582887701
lung,LASSO,3,0.01420094714547487,0.9859605911330049,100,0.9344262295081968,0.9463636363636363,0.8285714285714285,0.8694855532064836
lung,mRMR,3,0.02112140953332854,0.9788177339901478,50,0.9180327868852459,0.778723404255319,0.7,0.7220973782771536
lung,ReliefF,3,0.03477658194712167,0.9650246305418719,50,0.8852459016393442,0.8747286821705427,0.779047619047619,0.8101960784313725
lung,All features,3,0.07291133004926097,0.9364532019704435,3312,0.9344262295081968,0.9826086956521738,0.8,0.8575757575757577
lung,LASSO,4,0.028343804288331963,0.9716748768472907,100,0.9672131147540983,0.9380952380952381,0.9904761904761905,0.9615555176530787
lung,mRMR,4,0.028587646652863945,0.9714285714285715,100,1.0,1.0,1.0,1.0
lung,ReliefF,4,0.03432436162870935,0.9714285714285715,2000,0.9672131147540983,0.990909090909091,0.8666666666666668,0.9105003523608175
lung,All features,4,0.059256157635467946,0.9502463054187192,3312,0.9508196721311475,0.9623376623376624,0.8266666666666665,0.8728935147539799
lung,LASSO,5,0.014049980961899992,0.9859605911330049,50,0.9672131147540983,0.990909090909091,0.8666666666666668,0.9105003523608175
lung,mRMR,5,0.02112140953332854,0.9788177339901478,50,0.9508196721311475,0.9866666666666667,0.8933333333333333,0.9308812260536399
lung,ReliefF,5,0.047979534042502596,0.9576354679802955,2000,0.9672131147540983,0.9619047619047618,0.961904761904762,0.9588744588744589
lung,All features,5,0.06608374384236451,0.9433497536945813,3312,0.9508196721311475,0.9573643410852715,0.8619047619047621,0.8899108734402852
lung,LASSO,6,0.007129518574046323,0.993103448275862,100,0.9508196721311475,0.9866666666666667,0.8266666666666665,0.886032741205155
lung,mRMR,6,0.021028533352371547,0.9790640394088669,100,0.9672131147540983,0.990909090909091,0.9266666666666665,0.9549447968052618
lung,ReliefF,6,0.04882656290902166,0.9509852216748769,100,0.9836065573770492,0.9953488372093023,0.96,0.9754248366013073
lung,All features,6,0.05169704433497534,0.9578817733990148,3312,0.9508196721311475,0.9866666666666667,0.8933333333333333,0.9308812260536399
lung,LASSO,7,0.020877567168796445,0.9790640394088671,50,0.9508196721311475,0.9573643410852715,0.8619047619047621,0.8929411764705882
lung,mRMR,7,0.02248010518550245,0.9788177339901478,500,0.9508196721311475,0.9866666666666667,0.8333333333333333,0.8864367816091955
lung,ReliefF,7,0.05178779657790147,0.9507389162561577,1000,0.9344262295081968,0.9826086956521738,0.8,0.8575757575757577
lung,All features,7,0.07998275862068951,0.9293103448275863,3312,0.9344262295081968,0.9826086956521738,0.8,0.8575757575757577
lung,LASSO,8,0.020784690987839454,0.9793103448275862,100,0.9508196721311475,0.9573643410852715,0.8619047619047621,0.8929411764705882
lung,mRMR,8,0.02770515337569301,0.9721674876847292,50,0.9508196721311475,0.9866666666666667,0.8266666666666665,0.886032741205155
lung,ReliefF,8,0.027948995740225212,0.9719211822660098,50,0.9016393442622951,0.9246753246753248,0.7771428571428571,0.8232259988073942
lung,All features,8,0.051453201970443355,0.958128078817734,3312,0.9344262295081968,0.9463636363636365,0.8885714285714286,0.9106976744186047
lung,LASSO,9,0.028587646652863945,0.9714285714285715,100,0.9672131147540983,0.990909090909091,0.8666666666666668,0.9105003523608175
lung,mRMR,9,0.028099961923799873,0.97192118226601,100,0.9672131147540983,0.990909090909091,0.8666666666666668,0.9105003523608175
lung,ReliefF,9,0.04345054853525622,0.9576354679802955,500,0.9508196721311475,0.9573643410852715,0.8619047619047621,0.8899108734402852
lung,All features,9,0.06559605911330045,0.9438423645320198,3312,0.9508196721311475,0.9866666666666667,0.8266666666666665,0.886032741205155
GLIOMA,LASSO,0,0.028296990785488654,0.9714285714285715,5,0.6666666666666666,0.65,0.65,0.6458333333333333
GLIOMA,mRMR,0,0.11359391713383588,0.8857142857142858,200,0.7333333333333333,0.6583333333333333,0.6875,0.6555555555555556
GLIOMA,ReliefF,0,0.14147367742766936,0.8571428571428571,20,0.6,0.575,0.575,0.5678571428571428
GLIOMA,All features,0,0.3211428571428571,0.6857142857142857,4434,0.8666666666666667,0.8666666666666667,0.875,0.8388888888888889
GLIOMA,LASSO,1,4.510599909788002e-05,1.0,20,0.6,0.6875,0.6,0.6152777777777778
GLIOMA,mRMR,1,0.08496990785488757,0.9142857142857143,50,0.7333333333333333,0.8095238095238095,0.7875,0.7389610389610388
GLIOMA,ReliefF,1,0.14143984792834596,0.8571428571428571,5,0.8,0.8125,0.825,0.7906746031746031
GLIOMA,All features,1,0.292857142857143,0.7142857142857142,4434,0.8666666666666667,0.8666666666666667,0.8875,0.8587301587301587
GLIOMA,LASSO,2,4.510599909788002e-05,1.0,20,0.6,0.6821428571428572,0.6125,0.5966810966810966
GLIOMA,mRMR,2,0.16993981570977504,0.8285714285714286,100,0.9333333333333333,0.95,0.875,0.8888888888888888
GLIOMA,ReliefF,2,0.25461653457052646,0.7428571428571429,20,0.9333333333333333,0.95,0.875,0.8888888888888888
GLIOMA,All features,2,0.37771428571428584,0.6285714285714284,4434,0.9333333333333333,0.95,0.875,0.8888888888888888
GLIOMA,LASSO,3,4.510599909788002e-05,1.0,20,0.8,0.8666666666666667,0.775,0.7763888888888888
GLIOMA,mRMR,3,0.11325562214060177,0.8857142857142858,50,0.8,0.8452380952380952,0.8125,0.7892857142857143
GLIOMA,ReliefF,3,0.11318796314195495,0.8857142857142858,20,0.6666666666666666,0.7125,0.7125,0.6666666666666666
GLIOMA,All features,3,0.26457142857142857,0.7428571428571429,4434,0.8666666666666667,0.875,0.875,0.8333333333333333
GLIOMA,LASSO,4,0.028330820284812066,0.9714285714285715,20,0.7333333333333333,0.7875,0.7125,0.7222222222222221
GLIOMA,mRMR,4,0.11318796314195517,0.8857142857142856,20,0.6666666666666666,0.7166666666666667,0.725,0.7083333333333333
GLIOMA,ReliefF,4,0.11325562214060177,0.8857142857142858,50,0.6666666666666666,0.7166666666666667,0.725,0.7083333333333333
GLIOMA,All features,4,0.3777142857142857,0.6285714285714286,4434,0.9333333333333333,0.9583333333333334,0.9375,0.9415584415584416
GLIOMA,LASSO,5,4.510599909788002e-05,1.0,20,0.6666666666666666,0.6458333333333333,0.6375,0.6371753246753247
GLIOMA,mRMR,5,0.14147367742766936,0.8571428571428571,20,0.7333333333333333,0.775,0.6875,0.7034632034632035
GLIOMA,ReliefF,5,0.16975939171338353,0.8285714285714286,20,0.8,0.8785714285714286,0.75,0.7638888888888888
GLIOMA,All features,5,0.26457142857142857,0.7428571428571429,4434,0.8,0.8452380952380952,0.8125,0.8154761904761906
GLIOMA,LASSO,6,2.255299954894001e-05,1.0,10,0.5333333333333333,0.5625,0.6125,0.5589285714285714
GLIOMA,mRMR,6,0.1135939171338361,0.8857142857142856,200,0.8,0.825,0.825,0.7777777777777778
GLIOMA,ReliefF,6,0.14165410142406087,0.8571428571428571,100,0.8666666666666667,0.9166666666666666,0.9,0.8875
GLIOMA,All features,6,0.26457142857142857,0.7428571428571429,4434,0.6666666666666666,0.7125,0.7125,0.6666666666666666
GLIOMA,LASSO,7,4.510599909788002e-05,1.0,20,0.6666666666666666,0.5785714285714286,0.5625,0.5416666666666666
GLIOMA,mRMR,7,0.08508267285263228,0.9142857142857143,100,0.7333333333333333,0.7,0.7,0.7
GLIOMA,ReliefF,7,0.14165410142406087,0.8571428571428571,100,0.6666666666666666,0.725,0.725,0.7222222222222223
GLIOMA,All features,7,0.3211428571428571,0.6857142857142857,4434,0.8,0.8041666666666667,0.825,0.8017857142857143
GLIOMA,LASSO,8,0.028330820284812066,0.9714285714285715,20,0.6,0.5875,0.5875,0.5875
GLIOMA,mRMR,8,0.08490224885624076,0.9142857142857143,20,0.6666666666666666,0.7083333333333333,0.7,0.6580086580086579
GLIOMA,ReliefF,8,0.14165410142406087,0.8571428571428571,100,0.8,0.8041666666666667,0.825,0.8017857142857143
GLIOMA,All features,8,0.26457142857142857,0.7428571428571429,4434,0.7333333333333333,0.7625,0.7625,0.7208333333333332
GLIOMA,LASSO,9,4.510599909788002e-05,1.0,20,0.8666666666666667,0.9083333333333333,0.8125,0.8304473304473304
GLIOMA,mRMR,9,0.16993981570977504,0.8285714285714286,100,0.9333333333333333,0.95,0.875,0.8888888888888888
GLIOMA,ReliefF,9,0.1418796314195503,0.8571428571428571,200,0.7333333333333333,0.7875,0.7125,0.7222222222222221
GLIOMA,All features,9,0.23628571428571415,0.7714285714285716,4434,0.9333333333333333,0.95,0.875,0.8888888888888888
GSE93272,LASSO,0,0.019899999999999907,0.9800000000000001,50,0.9295454545454545,0.9295454545454545,0.9295454545454545,0.9295454545454545
GSE93272,mRMR,0,0.06199999999999995,0.9377777777777778,200,0.9,0.8666666666666667,0.9,0.8675213675213675
GSE93272,ReliefF,0,0.09131999999999987,0.9077777777777779,10,0.8090909090909091,0.7905982905982906,0.8090909090909091,0.7960526315789473
GSE93272,All features,0,0.1442000000000001,0.8644444444444443,5000,0.875,0.84375,0.875,0.8359788359788359
GSE93272,LASSO,1,4e-05,1.0,20,0.8636363636363636,0.9347826086956521,0.8636363636363636,0.8861689106487147
GSE93272,mRMR,1,0.06310000000000013,0.9366666666666665,200,0.9090909090909092,0.9545454545454546,0.9090909090909092,0.9261904761904762
GSE93272,ReliefF,1,0.13589000000000015,0.8627777777777776,20,0.8181818181818181,0.9166666666666667,0.8181818181818181,0.8434343434343434
GSE93272,All features,1,0.20854999999999993,0.7994444444444445,5000,0.8636363636363636,0.9347826086956521,0.8636363636363636,0.8861689106487147
GSE93272,LASSO,2,2e-05,1.0,10,0.8386363636363636,0.8762626262626263,0.8386363636363636,0.8523809523809525
GSE93272,mRMR,2,0.03290000000000004,0.9677777777777777,500,0.8386363636363636,0.8762626262626263,0.8386363636363636,0.8523809523809525
GSE93272,ReliefF,2,0.0863700000000001,0.9127777777777777,10,0.7727272727272727,0.9,0.7727272727272727,0.7973856209150327
GSE93272,All features,2,0.16289999999999996,0.8455555555555556,5000,0.7681818181818182,0.797979797979798,0.7681818181818182,0.7785714285714285
GSE93272,LASSO,3,1e-05,1.0,5,0.7386363636363636,0.7243589743589745,0.7386363636363636,0.7280701754385965
GSE93272,mRMR,3,0.052099999999999945,0.9477777777777778,200,0.8545454545454545,0.8277310924369747,0.8545454545454545,0.8324324324324325
GSE93272,ReliefF,3,0.06931999999999995,0.93,10,0.8295454545454546,0.8020833333333333,0.8295454545454546,0.8012820512820513
GSE93272,All features,3,0.20360000000000003,0.8044444444444444,5000,0.8295454545454546,0.8020833333333333,0.8295454545454546,0.8012820512820513
GSE93272,LASSO,4,0.0001,1.0,50,1.0,1.0,1.0,1.0
GSE93272,mRMR,4,0.07940000000000008,0.9199999999999999,100,0.884090909090909,0.9023809523809524,0.884090909090909,0.89198606271777
GSE93272,ReliefF,4,0.11221999999999996,0.8866666666666667,10,0.8386363636363636,0.8762626262626263,0.8386363636363636,0.8523809523809525
GSE93272,All features,4,0.26245,0.745,5000,0.8340909090909091,0.8223684210526316,0.8340909090909091,0.8272017837235228
GSE93272,LASSO,5,0.0001,1.0,50,0.9045454545454545,0.8903508771929824,0.9045454545454545,0.8963210702341138
GSE93272,mRMR,5,0.06399999999999997,0.9355555555555556,100,0.975,0.9583333333333333,0.975,0.9654403567447045
GSE93272,ReliefF,5,0.07537000000000002,0.9238888888888889,10,0.8590909090909091,0.8590909090909091,0.8590909090909091,0.8590909090909091
GSE93272,All features,5,0.19590000000000005,0.8122222222222222,5000,0.8545454545454545,0.8277310924369747,0.8545454545454545,0.8324324324324325
GSE93272,LASSO,6,4e-05,1.0,20,0.8386363636363636,0.8762626262626263,0.8386363636363636,0.8523809523809525
GSE93272,mRMR,6,0.053200000000000004,0.9466666666666667,200,0.8590909090909091,0.8590909090909091,0.8590909090909091,0.8590909090909091
GSE93272,ReliefF,6,0.06439000000000006,0.9349999999999999,20,0.8136363636363637,0.8285714285714285,0.8136363636363637,0.8199767711962833
GSE93272,All features,6,0.11945000000000007,0.8894444444444444,5000,0.884090909090909,0.9023809523809524,0.884090909090909,0.89198606271777
GSE93272,LASSO,7,0.019839999999999906,0.9800000000000001,20,0.8636363636363636,0.9347826086956521,0.8636363636363636,0.8861689106487147
GSE93272,mRMR,7,0.07170000000000008,0.9277777777777777,100,0.9045454545454545,0.8903508771929824,0.9045454545454545,0.8963210702341138
GSE93272,ReliefF,7,0.06170000000000018,0.9377777777777776,50,0.8386363636363636,0.8762626262626263,0.8386363636363636,0.8523809523809525
GSE93272,All features,7,0.22065000000000007,0.7872222222222222,5000,0.8545454545454545,0.8277310924369747,0.8545454545454545,0.8324324324324325
GSE93272,LASSO,8,0.0001,1.0,50,0.9545454545454546,0.9761904761904762,0.9545454545454546,0.9639953542392566
GSE93272,mRMR,8,0.052099999999999945,0.9477777777777778,200,0.9295454545454545,0.9295454545454545,0.9295454545454545,0.9295454545454545
GSE93272,ReliefF,8,0.12795,0.8727777777777778,1000,0.884090909090909,0.9023809523809524,0.884090909090909,0.89198606271777
GSE93272,All features,8,0.19370000000000004,0.8144444444444444,5000,0.9045454545454545,0.8903508771929824,0.9045454545454545,0.8963210702341138
GSE93272,LASSO,9,0.0004,1.0,200,0.9545454545454546,0.9761904761904762,0.9545454545454546,0.9639953542392566
GSE93272,mRMR,9,0.08144000000000008,0.9177777777777777,20,0.884090909090909,0.9023809523809524,0.884090909090909,0.89198606271777
GSE93272,ReliefF,9,0.10121999999999999,0.8977777777777778,10,0.8181818181818181,0.9166666666666667,0.8181818181818181,0.8434343434343434
GSE93272,All features,9,0.197,0.8111111111111111,5000,0.8636363636363636,0.9347826086956521,0.8636363636363636,0.8861689106487147
